timestamp,domain,china_result_ipv4,china_result_ipv6,global_result_ipv4,global_result_ipv6,is_poisoned,is_poisoned_ipv4,is_poisoned_ipv6
2024-09-05T20:33:07.405428,google.com,[],[],[],[],False,False,False
2024-09-05T20:33:07.405428,microsoft.com,[],[],[],[],False,False,False
2024-09-05T20:33:07.405428,amazonaws.com,[],[],[],[],False,False,False
2024-09-05T20:33:07.405428,facebook.com,[],[],[],[],False,False,False
2024-09-05T20:33:07.405428,a-msedge.net,[],[],[],[],False,False,False
2024-09-05T20:33:07.405428,akamai.net,[],[],[],[],False,False,False
2024-09-05T20:33:07.405428,googleapis.com,[],[],[],[],False,False,False
2024-09-05T20:33:07.405428,apple.com,[],[],[],[],False,False,False
2024-09-05T20:33:07.405428,youtube.com,[],[],[],[],False,False,False
2024-09-05T20:33:07.405428,root-servers.net,[],[],[],[],False,False,False
2024-09-05T20:33:07.405428,azure.com,[],[],[],[],False,False,False
2024-09-05T20:33:07.405428,akamaiedge.net,[],[],[],[],False,False,False
2024-09-05T20:33:07.405428,twitter.com,[],[],[],[],False,False,False
2024-09-05T20:33:07.405428,cloudflare.com,[],[],[],[],False,False,False
2024-09-05T20:33:07.405428,instagram.com,[],[],[],[],False,False,False
2024-09-05T20:33:07.405428,office.com,[],[],[],[],False,False,False
2024-09-05T20:33:07.405428,gstatic.com,[],[],[],[],False,False,False
2024-09-05T20:33:07.405428,linkedin.com,[],[],[],[],False,False,False
2024-09-05T20:33:07.405428,tiktokcdn.com,[],[],[],[],False,False,False
2024-09-05T20:33:07.405428,live.com,[],[],[],[],False,False,False
2024-09-05T20:33:07.405428,googlevideo.com,[],[],[],[],False,False,False
2024-09-05T20:33:07.405428,googletagmanager.com,[],[],[],[],False,False,False
2024-09-05T20:33:07.405428,windowsupdate.com,[],[],[],[],False,False,False
2024-09-05T20:33:07.405428,akadns.net,[],[],[],[],False,False,False
2024-09-05T20:33:07.405428,gtld-servers.net,[],[],[],[],False,False,False
2024-09-05T20:33:07.405428,fbcdn.net,[],[],[],[],False,False,False
2024-09-05T20:33:07.405428,microsoftonline.com,[],[],[],[],False,False,False
2024-09-05T20:33:07.405428,amazon.com,[],[],[],[],False,False,False
2024-09-05T20:33:07.405428,wikipedia.org,[],[],[],[],False,False,False
2024-09-05T20:33:07.405428,domaincontrol.com,[],[],[],[],False,False,False
2024-09-05T20:33:07.405428,doubleclick.net,[],[],[],[],False,False,False
2024-09-05T20:33:07.405428,trafficmanager.net,[],[],[],[],False,False,False
2024-09-05T20:33:07.405428,bing.com,[],[],[],[],False,False,False
2024-09-05T20:33:07.405428,googleusercontent.com,[],[],[],[],False,False,False
2024-09-05T20:33:07.405428,office.net,[],[],[],[],False,False,False
2024-09-05T20:33:07.405428,fastly.net,[],[],[],[],False,False,False
2024-09-05T20:33:07.405428,apple-dns.net,[],[],[],[],False,False,False
2024-09-05T20:33:07.405428,l-msedge.net,[],[],[],[],False,False,False
2024-09-05T20:33:07.405428,wordpress.org,[],[],[],[],False,False,False
2024-09-05T20:33:07.405428,googlesyndication.com,[],[],[],[],False,False,False
2024-09-05T20:33:07.405428,sharepoint.com,[],[],[],[],False,False,False
2024-09-05T20:33:07.405428,icloud.com,[],[],[],[],False,False,False
2024-09-05T20:33:07.405428,youtu.be,[],[],[],[],False,False,False
2024-09-05T20:33:07.405428,github.com,[],[],[],[],False,False,False
2024-09-05T20:33:07.405428,netflix.com,[],[],[],[],False,False,False
2024-09-05T20:33:07.405428,t-msedge.net,[],[],[],[],False,False,False
2024-09-05T20:33:07.405428,pinterest.com,[],[],[],[],False,False,False
2024-09-05T20:33:07.405428,aaplimg.com,[],[],[],[],False,False,False
2024-09-05T20:33:07.405428,whatsapp.net,[],[],[],[],False,False,False
2024-09-05T20:33:07.405428,yahoo.com,[],[],[],[],False,False,False
2024-09-05T20:33:07.405428,mail.ru,[],[],[],[],False,False,False
2024-09-05T20:33:07.405428,digicert.com,[],[],[],[],False,False,False
2024-09-05T20:33:07.405428,adobe.com,[],[],[],[],False,False,False
2024-09-05T20:33:07.405428,s-msedge.net,[],[],[],[],False,False,False
2024-09-05T20:33:07.405428,appsflyersdk.com,[],[],[],[],False,False,False
2024-09-05T20:33:07.405428,goo.gl,[],[],[],[],False,False,False
2024-09-05T20:33:07.405428,windows.net,[],[],[],[],False,False,False
2024-09-05T20:33:07.405428,cloudfront.net,[],[],[],[],False,False,False
2024-09-05T20:33:07.405428,skype.com,[],[],[],[],False,False,False
2024-09-05T20:33:07.405428,gvt2.com,[],[],[],[],False,False,False
2024-09-05T20:33:07.405428,com.plus,[],[],[],[],False,False,False
2024-09-05T20:33:07.405428,vimeo.com,[],[],[],[],False,False,False
2024-09-05T20:33:07.405428,spotify.com,[],[],[],[],False,False,False
2024-09-05T20:33:07.405428,tiktokv.com,[],[],[],[],False,False,False
2024-09-05T20:33:07.405428,msn.com,[],[],[],[],False,False,False
2024-09-05T20:33:07.405428,cdn77.org,[],[],[],[],False,False,False
2024-09-05T20:33:07.405428,yandex.net,[],[],[],[],False,False,False
2024-09-05T20:33:07.405428,gandi.net,[],[],[],[],False,False,False
2024-09-05T20:33:07.405428,gvt1.com,[],[],[],[],False,False,False
2024-09-05T20:33:07.405428,e2ro.com,[],[],[],[],False,False,False
2024-09-05T20:33:07.405428,whatsapp.com,[],[],[],[],False,False,False
2024-09-05T20:33:07.405428,office365.com,[],[],[],[],False,False,False
2024-09-05T20:33:07.405428,bit.ly,[],[],[],[],False,False,False
2024-09-05T20:33:07.405428,wordpress.com,[],[],[],[],False,False,False
2024-09-05T20:33:07.405428,zoom.us,[],[],[],[],False,False,False
2024-09-05T20:33:07.405428,google-analytics.com,[],[],[],[],False,False,False
2024-09-05T20:33:07.405428,googledomains.com,[],[],[],[],False,False,False
2024-09-05T20:33:07.405428,roblox.com,[],[],[],[],False,False,False
2024-09-05T20:33:07.405428,wac-msedge.net,[],[],[],[],False,False,False
2024-09-05T20:33:07.405428,ntp.org,[],[],[],[],False,False,False
2024-09-05T20:33:07.405428,bytefcdn-oversea.com,[],[],[],[],False,False,False
2024-09-05T20:33:07.405428,cloudflare.net,[],[],[],[],False,False,False
2024-09-05T20:33:07.405428,qq.com,[],[],[],[],False,False,False
2024-09-05T20:33:07.405428,nic.ru,[],[],[],[],False,False,False
2024-09-05T20:33:07.405428,ytimg.com,[],[],[],[],False,False,False
2024-09-05T20:33:07.405428,tiktok.com,[],[],[],[],False,False,False
2024-09-05T20:33:07.405428,edgekey.net,[],[],[],[],False,False,False
2024-09-05T20:33:07.405428,blogspot.com,[],[],[],[],False,False,False
2024-09-05T20:33:07.405428,mozilla.org,[],[],[],[],False,False,False
2024-09-05T20:33:07.405428,opera.com,[],[],[],[],False,False,False
2024-09-05T20:33:07.405428,lencr.org,[],[],[],[],False,False,False
2024-09-05T20:33:07.405428,reddit.com,[],[],[],[],False,False,False
2024-09-05T20:33:07.405428,unity3d.com,[],[],[],[],False,False,False
2024-09-05T20:33:07.405428,cloudflare-dns.com,[],[],[],[],False,False,False
2024-09-05T20:33:07.405428,googleadservices.com,[],[],[],[],False,False,False
2024-09-05T20:33:07.405428,baidu.com,[],[],[],[],False,False,False
2024-09-05T20:33:07.405428,cdninstagram.com,[],[],[],[],False,False,False
2024-09-05T20:33:07.405428,snapchat.com,[],[],[],[],False,False,False
2024-09-05T20:33:07.405428,trbcdn.net,[],[],[],[],False,False,False
2024-09-05T20:33:07.405428,intuit.com,[],[],[],[],False,False,False
2024-09-05T20:33:07.405428,europa.eu,[],[],[],[],False,False,False
2024-09-05T20:33:07.405428,mts.ru,[],[],[],[],False,False,False
2024-09-05T20:33:07.405428,amazon-adsystem.com,[],[],[],[],False,False,False
2024-09-05T20:33:07.405428,samsung.com,[],[],[],[],False,False,False
2024-09-05T20:33:07.405428,outlook.com,[],[],[],[],False,False,False
2024-09-05T20:33:07.405428,t.me,[],[],[],[],False,False,False
2024-09-05T20:33:07.405428,macromedia.com,[],[],[],[],False,False,False
2024-09-05T20:33:07.405428,comcast.net,[],[],[],[],False,False,False
2024-09-05T20:33:07.405428,a2z.com,[],[],[],[],False,False,False
2024-09-05T20:33:07.405428,x.com,[],[],[],[],False,False,False
2024-09-05T20:33:07.405428,nih.gov,[],[],[],[],False,False,False
2024-09-05T20:33:07.405428,tumblr.com,[],[],[],[],False,False,False
2024-09-05T20:33:07.405428,dropbox.com,[],[],[],[],False,False,False
2024-09-05T20:33:07.405428,msedge.net,[],[],[],[],False,False,False
2024-09-05T20:33:07.405428,wa.me,[],[],[],[],False,False,False
2024-09-05T20:33:07.405428,app-analytics-services.com,[],[],[],[],False,False,False
2024-09-05T20:33:07.405428,rbxcdn.com,[],[],[],[],False,False,False
2024-09-05T20:33:07.405428,rocket-cdn.com,[],[],[],[],False,False,False
2024-09-05T20:33:07.405428,app-measurement.com,[],[],[],[],False,False,False
2024-09-05T20:33:07.405428,gravatar.com,[],[],[],[],False,False,False
2024-09-05T20:33:07.405428,vk.com,[],[],[],[],False,False,False
2024-09-05T20:33:07.405428,github.io,[],[],[],[],False,False,False
2024-09-05T20:33:07.405428,sentry.io,[],[],[],[],False,False,False
2024-09-05T20:33:07.405428,registrar-servers.com,[],[],[],[],False,False,False
2024-09-05T20:33:07.405428,bytefcdn-ttpeu.com,[],[],[],[],False,False,False
2024-09-05T20:33:07.405428,windows.com,[],[],[],[],False,False,False
2024-09-05T20:33:07.405428,webex.com,[],[],[],[],False,False,False
2024-09-05T20:33:07.405428,ui.com,[],[],[],[],False,False,False
2024-09-05T20:33:07.405428,userapi.com,[],[],[],[],False,False,False
2024-09-05T20:33:07.405428,nytimes.com,[],[],[],[],False,False,False
2024-09-05T20:33:07.405428,aiv-cdn.net,[],[],[],[],False,False,False
2024-09-05T20:33:07.405428,b-msedge.net,[],[],[],[],False,False,False
2024-09-05T20:33:07.405428,dns.google,[],[],[],[],False,False,False
2024-09-05T20:33:07.405428,yandex.ru,[],[],[],[],False,False,False
2024-09-05T20:33:07.405428,msftncsi.com,[],[],[],[],False,False,False
2024-09-05T20:33:07.405428,edgesuite.net,[],[],[],[],False,False,False
2024-09-05T20:33:07.405428,xiaomi.com,[],[],[],[],False,False,False
2024-09-05T20:33:07.405428,one.one,[],[],[],[],False,False,False
2024-09-05T20:33:07.405428,forms.gle,[],[],[],[],False,False,False
2024-09-05T20:33:07.405428,ggpht.com,[],[],[],[],False,False,False
2024-09-05T20:33:07.405428,archive.org,[],[],[],[],False,False,False
2024-09-05T20:33:07.405428,ttlivecdn.com,[],[],[],[],False,False,False
2024-09-05T20:33:07.405428,nist.gov,[],[],[],[],False,False,False
2024-09-05T20:33:07.405428,flickr.com,[],[],[],[],False,False,False
2024-09-05T20:33:07.405428,apache.org,[],[],[],[],False,False,False
2024-09-05T20:33:07.405428,applovin.com,[],[],[],[],False,False,False
2024-09-05T20:33:07.405428,paypal.com,[],[],[],[],False,False,False
2024-09-05T20:33:07.405428,medium.com,[],[],[],[],False,False,False
2024-09-05T20:33:07.405428,spo-msedge.net,[],[],[],[],False,False,False
2024-09-05T20:33:07.405428,adnxs.com,[],[],[],[],False,False,False
2024-09-05T20:33:07.405428,meraki.com,[],[],[],[],False,False,False
2024-09-05T20:33:07.405428,epicgames.com,[],[],[],[],False,False,False
2024-09-05T20:33:07.405428,criteo.com,[],[],[],[],False,False,False
2024-09-05T20:33:07.405428,dnsowl.com,[],[],[],[],False,False,False
2024-09-05T20:33:07.405428,health.mil,[],[],[],[],False,False,False
2024-09-05T20:33:07.405428,dual-s-msedge.net,[],[],[],[],False,False,False
2024-09-05T20:33:07.405428,forbes.com,[],[],[],[],False,False,False
2024-09-05T20:33:07.405428,soundcloud.com,[],[],[],[],False,False,False
2024-09-05T20:33:07.405428,qlivecdn.com,[],[],[],[],False,False,False
2024-09-05T20:33:07.405428,o365filtering.com,[],[],[],[],False,False,False
2024-09-05T20:33:07.405428,miit.gov.cn,[],[],[],[],False,False,False
2024-09-05T20:33:07.405428,omtrdc.net,[],[],[],[],False,False,False
2024-09-05T20:33:07.405428,cnn.com,[],[],[],[],False,False,False
2024-09-05T20:33:07.405428,mangosip.ru,[],[],[],[],False,False,False
2024-09-05T20:33:07.405428,telecid.ru,[],[],[],[],False,False,False
2024-09-05T20:33:07.405428,t.co,[],[],[],[],False,False,False
2024-09-05T20:33:07.405428,casalemedia.com,[],[],[],[],False,False,False
2024-09-05T20:33:07.405428,aliyuncs.com,[],[],[],[],False,False,False
2024-09-05T20:33:07.405428,myfritz.net,[],[],[],[],False,False,False
2024-09-05T20:33:07.405428,pki.goog,[],[],[],[],False,False,False
2024-09-05T20:33:07.405428,miui.com,[],[],[],[],False,False,False
2024-09-05T20:33:07.405428,wsdvs.com,[],[],[],[],False,False,False
2024-09-05T20:33:07.405428,amazon.dev,[],[],[],[],False,False,False
2024-09-05T20:33:07.405428,azurewebsites.net,[],[],[],[],False,False,False
2024-09-05T20:33:07.405428,theguardian.com,[],[],[],[],False,False,False
2024-09-05T20:33:07.405428,android.com,[],[],[],[],False,False,False
2024-09-05T20:33:07.405428,w3.org,[],[],[],[],False,False,False
2024-09-05T20:33:07.405428,taboola.com,[],[],[],[],False,False,False
2024-09-05T20:33:07.405428,cdn-apple.com,[],[],[],[],False,False,False
2024-09-05T20:33:07.405428,gmail.com,[],[],[],[],False,False,False
2024-09-05T20:33:07.405428,tiktokcdn-us.com,[],[],[],[],False,False,False
2024-09-05T20:33:07.405428,2mdn.net,[],[],[],[],False,False,False
2024-09-05T20:33:07.405428,nginx.org,[],[],[],[],False,False,False
2024-09-05T20:33:07.405428,akamaized.net,[],[],[],[],False,False,False
2024-09-05T20:33:07.405428,adobe.io,[],[],[],[],False,False,False
2024-09-05T20:33:07.405428,kaspersky.com,[],[],[],[],False,False,False
2024-09-05T20:33:07.405428,nflxso.net,[],[],[],[],False,False,False
2024-09-05T20:33:07.405428,demdex.net,[],[],[],[],False,False,False
2024-09-05T20:33:07.405428,wildberries.ru,[],[],[],[],False,False,False
2024-09-05T20:33:07.405428,shifen.com,[],[],[],[],False,False,False
2024-09-05T20:33:07.405428,ebay.com,[],[],[],[],False,False,False
2024-09-05T20:33:07.405428,bbc.co.uk,[],[],[],[],False,False,False
2024-09-05T20:33:07.405428,vtwenty.com,[],[],[],[],False,False,False
2024-09-05T20:33:07.405428,akamaihd.net,[],[],[],[],False,False,False
2024-09-05T20:33:07.405428,doubleverify.com,[],[],[],[],False,False,False
2024-09-05T20:33:07.405428,creativecommons.org,[],[],[],[],False,False,False
2024-09-05T20:33:07.405428,bbc.com,[],[],[],[],False,False,False
2024-09-05T20:33:07.405428,nginx.com,[],[],[],[],False,False,False
2024-09-05T20:33:07.405428,3gppnetwork.org,[],[],[],[],False,False,False
2024-09-05T20:33:07.405428,twitch.tv,[],[],[],[],False,False,False
2024-09-05T20:33:07.405428,roku.com,[],[],[],[],False,False,False
2024-09-05T20:33:07.405428,cisco.com,[],[],[],[],False,False,False
2024-09-05T20:33:07.405428,imdb.com,[],[],[],[],False,False,False
2024-09-05T20:33:07.405428,sourceforge.net,[],[],[],[],False,False,False
2024-09-05T20:33:07.405428,amazonvideo.com,[],[],[],[],False,False,False
2024-09-05T20:33:07.405428,mit.edu,[],[],[],[],False,False,False
2024-09-05T20:33:07.405428,adriver.ru,[],[],[],[],False,False,False
2024-09-05T20:33:07.405428,salesforce.com,[],[],[],[],False,False,False
2024-09-05T20:33:07.405428,msftconnecttest.com,[],[],[],[],False,False,False
2024-09-05T20:33:07.405428,jomodns.com,[],[],[],[],False,False,False
2024-09-05T20:33:07.405428,ozon.ru,[],[],[],[],False,False,False
2024-09-05T20:33:07.405428,sciencedirect.com,[],[],[],[],False,False,False
2024-09-05T20:33:07.405428,taobao.com,[],[],[],[],False,False,False
2024-09-05T20:33:07.405428,shopify.com,[],[],[],[],False,False,False
2024-09-05T20:33:07.405428,t-mobile.com,[],[],[],[],False,False,False
2024-09-05T20:33:07.405428,ubuntu.com,[],[],[],[],False,False,False
2024-09-05T20:33:07.405428,mzstatic.com,[],[],[],[],False,False,False
2024-09-05T20:33:07.405428,researchgate.net,[],[],[],[],False,False,False
2024-09-05T20:33:07.405428,online.net,[],[],[],[],False,False,False
2024-09-05T20:33:07.405428,edgecdn.ru,[],[],[],[],False,False,False
2024-09-05T20:33:07.405428,b-cdn.net,[],[],[],[],False,False,False
2024-09-05T20:33:07.405428,scorecardresearch.com,[],[],[],[],False,False,False
2024-09-05T20:33:07.405428,crashlytics.com,[],[],[],[],False,False,False
2024-09-05T20:33:07.405428,ivi.ru,[],[],[],[],False,False,False
2024-09-05T20:33:07.405428,cmediahub.ru,[],[],[],[],False,False,False
2024-09-05T20:33:07.405428,reg.ru,[],[],[],[],False,False,False
2024-09-05T20:33:07.405428,ring.com,[],[],[],[],False,False,False
2024-09-05T20:33:07.405428,who.int,[],[],[],[],False,False,False
2024-09-05T20:33:07.405428,washingtonpost.com,[],[],[],[],False,False,False
2024-09-05T20:33:07.405428,youtube-nocookie.com,[],[],[],[],False,False,False
2024-09-05T20:33:07.405428,smartadserver.com,[],[],[],[],False,False,False
2024-09-05T20:33:07.405428,stripe.com,[],[],[],[],False,False,False
2024-09-05T20:33:07.405428,hubspot.com,[],[],[],[],False,False,False
2024-09-05T20:33:07.405428,ampproject.org,[],[],[],[],False,False,False
2024-09-05T20:33:07.405428,hp.com,[],[],[],[],False,False,False
2024-09-05T20:33:07.405428,arubanetworks.com,[],[],[],[],False,False,False
2024-09-05T20:33:07.405428,ax-msedge.net,[],[],[],[],False,False,False
2024-09-05T20:33:07.405428,atomile.com,[],[],[],[],False,False,False
2024-09-05T20:33:07.405428,azureedge.net,[],[],[],[],False,False,False
2024-09-05T20:33:07.405428,googleblog.com,[],[],[],[],False,False,False
2024-09-05T20:33:07.405428,booking.com,[],[],[],[],False,False,False
2024-09-05T20:33:07.405428,nr-data.net,[],[],[],[],False,False,False
2024-09-05T20:33:07.405428,facebook.net,[],[],[],[],False,False,False
2024-09-05T20:33:07.405428,cdn20.com,[],[],[],[],False,False,False
2024-09-05T20:33:07.405428,wixsite.com,[],[],[],[],False,False,False
2024-09-05T20:33:07.405428,rubiconproject.com,[],[],[],[],False,False,False
2024-09-05T20:33:07.405428,launchdarkly.com,[],[],[],[],False,False,False
2024-09-05T20:33:07.405428,slack.com,[],[],[],[],False,False,False
2024-09-05T20:33:07.405428,salesforceliveagent.com,[],[],[],[],False,False,False
2024-09-05T20:33:07.405428,wikimedia.org,[],[],[],[],False,False,False
2024-09-05T20:33:07.405428,dzeninfra.ru,[],[],[],[],False,False,False
2024-09-05T20:33:07.405428,doi.org,[],[],[],[],False,False,False
2024-09-05T20:33:07.405428,linktr.ee,[],[],[],[],False,False,False
2024-09-05T20:33:07.405428,byteoversea.net,[],[],[],[],False,False,False
2024-09-05T20:33:07.405428,elisa.fi,[],[],[],[],False,False,False
2024-09-05T20:33:07.405428,hichina.com,[],[],[],[],False,False,False
2024-09-05T20:33:07.405428,issuu.com,[],[],[],[],False,False,False
2024-09-05T20:33:07.405428,cedexis.net,[],[],[],[],False,False,False
2024-09-05T20:33:07.405428,canva.com,[],[],[],[],False,False,False
2024-09-05T20:33:07.405428,tinyurl.com,[],[],[],[],False,False,False
2024-09-05T20:33:07.405428,mtgglobals.com,[],[],[],[],False,False,False
2024-09-05T20:33:07.405428,openx.net,[],[],[],[],False,False,False
2024-09-05T20:33:07.405428,appsflyer.com,[],[],[],[],False,False,False
2024-09-05T20:33:07.405428,sharethrough.com,[],[],[],[],False,False,False
2024-09-05T20:33:07.405428,oracle.com,[],[],[],[],False,False,False
2024-09-05T20:33:07.405428,harvard.edu,[],[],[],[],False,False,False
2024-09-05T20:33:07.405428,example.com,[],[],[],[],False,False,False
2024-09-05T20:33:07.405428,cdc.gov,[],[],[],[],False,False,False
2024-09-05T20:33:07.405428,alicdn.com,[],[],[],[],False,False,False
2024-09-05T20:33:07.405428,weebly.com,[],[],[],[],False,False,False
2024-09-05T20:33:07.405428,vungle.com,[],[],[],[],False,False,False
2024-09-05T20:33:07.405428,discord.com,[],[],[],[],False,False,False
2024-09-05T20:33:07.405428,synology.com,[],[],[],[],False,False,False
2024-09-05T20:33:07.405428,name-services.com,[],[],[],[],False,False,False
2024-09-05T20:33:07.405428,reuters.com,[],[],[],[],False,False,False
2024-09-05T20:33:07.405428,3lift.com,[],[],[],[],False,False,False
2024-09-05T20:33:07.405428,opendns.com,[],[],[],[],False,False,False
2024-09-05T20:33:07.405428,t-online.de,[],[],[],[],False,False,False
2024-09-05T20:33:07.405428,cdngslb.com,[],[],[],[],False,False,False
2024-09-05T20:33:07.405428,adsrvr.org,[],[],[],[],False,False,False
2024-09-05T20:33:07.405428,dns-parking.com,[],[],[],[],False,False,False
2024-09-05T20:33:07.405428,google.com.br,[],[],[],[],False,False,False
2024-09-05T20:33:07.405428,dailymail.co.uk,[],[],[],[],False,False,False
2024-09-05T20:33:07.405428,www.gov.uk,[],[],[],[],False,False,False
2024-09-05T20:33:07.405428,rlcdn.com,[],[],[],[],False,False,False
2024-09-05T20:33:07.405428,weibo.com,[],[],[],[],False,False,False
2024-09-05T20:33:07.405428,godaddy.com,[],[],[],[],False,False,False
2024-09-05T20:33:07.405428,amazon.co.uk,[],[],[],[],False,False,False
2024-09-05T20:33:07.405428,wiley.com,[],[],[],[],False,False,False
2024-09-05T20:33:07.405428,avast.com,[],[],[],[],False,False,False
2024-09-05T20:33:07.405428,slideshare.net,[],[],[],[],False,False,False
2024-09-05T20:33:07.405428,drom.ru,[],[],[],[],False,False,False
2024-09-05T20:33:07.405428,ttdns2.com,[],[],[],[],False,False,False
2024-09-05T20:33:07.405428,pubmatic.com,[],[],[],[],False,False,False
2024-09-05T20:33:07.405428,media.net,[],[],[],[],False,False,False
2024-09-05T20:33:07.405428,go.com,[],[],[],[],False,False,False
2024-09-05T20:33:07.405428,netangels.ru,[],[],[],[],False,False,False
2024-09-05T20:33:07.405428,wbx2.com,[],[],[],[],False,False,False
2024-09-05T20:33:07.405428,samsungqbe.com,[],[],[],[],False,False,False
2024-09-05T20:33:07.405428,tiktokv.us,[],[],[],[],False,False,False
2024-09-05T20:33:07.405428,steampowered.com,[],[],[],[],False,False,False
2024-09-05T20:33:07.405428,nease.net,[],[],[],[],False,False,False
2024-09-05T20:33:07.405428,bloomberg.com,[],[],[],[],False,False,False
2024-09-05T20:33:07.405428,alibabadns.com,[],[],[],[],False,False,False
2024-09-05T20:33:07.405428,googletagservices.com,[],[],[],[],False,False,False
2024-09-05T20:33:07.405428,telegraph.co.uk,[],[],[],[],False,False,False
2024-09-05T20:33:07.405428,bidswitch.net,[],[],[],[],False,False,False
2024-09-05T20:33:07.405428,nature.com,[],[],[],[],False,False,False
2024-09-05T20:33:07.405428,media-amazon.com,[],[],[],[],False,False,False
2024-09-05T20:33:07.405428,appcenter.ms,[],[],[],[],False,False,False
2024-09-05T20:33:07.405428,samsungcloud.com,[],[],[],[],False,False,False
2024-09-05T20:33:07.405428,ibm.com,[],[],[],[],False,False,False
2024-09-05T20:33:07.405428,etsy.com,[],[],[],[],False,False,False
2024-09-05T20:33:07.405428,openai.com,[],[],[],[],False,False,False
2024-09-05T20:33:07.405428,dnsmadeeasy.com,[],[],[],[],False,False,False
2024-09-05T20:33:07.405428,wsj.com,[],[],[],[],False,False,False
2024-09-05T20:33:07.405428,playstation.net,[],[],[],[],False,False,False
2024-09-05T20:33:07.405428,criteo.net,[],[],[],[],False,False,False
2024-09-05T20:33:07.405428,jsdelivr.net,[],[],[],[],False,False,False
2024-09-05T20:33:07.405428,1c.ru,[],[],[],[],False,False,False
2024-09-05T20:33:07.405428,weather.com,[],[],[],[],False,False,False
2024-09-05T20:33:07.405428,ripn.net,[],[],[],[],False,False,False
2024-09-05T20:33:07.405428,zendesk.com,[],[],[],[],False,False,False
2024-09-05T20:33:07.405428,adsafeprotected.com,[],[],[],[],False,False,False
2024-09-05T20:33:07.405428,worldfcdn2.com,[],[],[],[],False,False,False
2024-09-05T20:33:07.405428,un.org,[],[],[],[],False,False,False
2024-09-05T20:33:07.405428,twimg.com,[],[],[],[],False,False,False
2024-09-05T20:33:07.405428,espn.com,[],[],[],[],False,False,False
2024-09-05T20:33:07.405428,pangle.io,[],[],[],[],False,False,False
2024-09-05T20:33:07.405428,usatoday.com,[],[],[],[],False,False,False
2024-09-05T20:33:07.405428,dailymotion.com,[],[],[],[],False,False,False
2024-09-05T20:33:07.405428,wp.com,[],[],[],[],False,False,False
2024-09-05T20:33:07.405428,springer.com,[],[],[],[],False,False,False
2024-09-05T20:33:07.405428,my.com,[],[],[],[],False,False,False
2024-09-05T20:33:07.405428,mi.com,[],[],[],[],False,False,False
2024-09-05T20:33:07.405428,google.de,[],[],[],[],False,False,False
2024-09-05T20:33:07.405428,azurefd.net,[],[],[],[],False,False,False
2024-09-05T20:33:07.405428,quantserve.com,[],[],[],[],False,False,False
2024-09-05T20:33:07.405428,php.net,[],[],[],[],False,False,False
2024-09-05T20:33:07.405428,shalltry.com,[],[],[],[],False,False,False
2024-09-05T20:33:07.405428,notamedia.ru,[],[],[],[],False,False,False
2024-09-05T20:33:07.405428,businessinsider.com,[],[],[],[],False,False,False
2024-09-05T20:33:07.405428,samsungcloudsolution.com,[],[],[],[],False,False,False
2024-09-05T20:33:07.405428,lijit.com,[],[],[],[],False,False,False
2024-09-05T20:33:07.405428,allawnos.com,[],[],[],[],False,False,False
2024-09-05T20:33:07.405428,inmobi.com,[],[],[],[],False,False,False
2024-09-05T20:33:07.405428,discord.gg,[],[],[],[],False,False,False
2024-09-05T20:33:07.405428,pixabay.com,[],[],[],[],False,False,False
2024-09-05T20:33:07.405428,mcafee.com,[],[],[],[],False,False,False
2024-09-05T20:33:07.405428,sohu.com,[],[],[],[],False,False,False
2024-09-05T20:33:07.405428,douyincdn.com,[],[],[],[],False,False,False
2024-09-05T20:33:07.405428,indeed.com,[],[],[],[],False,False,False
2024-09-05T20:33:07.405428,nasa.gov,[],[],[],[],False,False,False
2024-09-05T20:33:07.405428,list-manage.com,[],[],[],[],False,False,False
2024-09-05T20:33:07.405428,quora.com,[],[],[],[],False,False,False
2024-09-05T20:33:07.405428,ksyuncdn.com,[],[],[],[],False,False,False
2024-09-05T20:33:07.405428,liadm.com,[],[],[],[],False,False,False
2024-09-05T20:33:07.405428,ea.com,[],[],[],[],False,False,False
2024-09-05T20:33:07.405428,f5.com,[],[],[],[],False,False,False
2024-09-05T20:33:07.405428,independent.co.uk,[],[],[],[],False,False,False
2024-09-05T20:33:07.405428,stackoverflow.com,[],[],[],[],False,False,False
2024-09-05T20:33:07.405428,eset.com,[],[],[],[],False,False,False
2024-09-05T20:33:07.405428,adform.net,[],[],[],[],False,False,False
2024-09-05T20:33:07.405428,dzen.ru,[],[],[],[],False,False,False
2024-09-05T20:33:07.405428,outbrain.com,[],[],[],[],False,False,False
2024-09-05T20:33:07.405428,stanford.edu,[],[],[],[],False,False,False
2024-09-05T20:33:07.405428,gnu.org,[],[],[],[],False,False,False
2024-09-05T20:33:07.405428,unsplash.com,[],[],[],[],False,False,False
2024-09-05T20:33:07.405428,creativecdn.com,[],[],[],[],False,False,False
2024-09-05T20:33:07.405428,clarity.ms,[],[],[],[],False,False,False
2024-09-05T20:33:07.405428,force.com,[],[],[],[],False,False,False
2024-09-05T20:33:07.405428,forter.com,[],[],[],[],False,False,False
2024-09-05T20:33:07.405428,yximgs.com,[],[],[],[],False,False,False
2024-09-05T20:33:07.405428,cnbc.com,[],[],[],[],False,False,False
2024-09-05T20:33:07.405428,sc-cdn.net,[],[],[],[],False,False,False
2024-09-05T20:33:07.405428,ibyteimg.com,[],[],[],[],False,False,False
2024-09-05T20:33:07.405428,tripadvisor.com,[],[],[],[],False,False,False
2024-09-05T20:33:07.405428,cpanel.net,[],[],[],[],False,False,False
2024-09-05T20:33:07.405428,eventbrite.com,[],[],[],[],False,False,False
2024-09-05T20:33:07.405428,inner-active.mobi,[],[],[],[],False,False,False
2024-09-05T20:33:07.405428,elasticbeanstalk.com,[],[],[],[],False,False,False
2024-09-05T20:33:07.405428,google.co.uk,[],[],[],[],False,False,False
2024-09-05T20:33:07.405428,uber.com,[],[],[],[],False,False,False
2024-09-05T20:33:07.405428,pv-cdn.net,[],[],[],[],False,False,False
2024-09-05T20:33:07.405428,sfx.ms,[],[],[],[],False,False,False
2024-09-05T20:33:07.405428,sophos.com,[],[],[],[],False,False,False
2024-09-05T20:33:07.405428,xcal.tv,[],[],[],[],False,False,False
2024-09-05T20:33:07.405428,aliexpress.com,[],[],[],[],False,False,False
2024-09-05T20:33:07.405428,giphy.com,[],[],[],[],False,False,False
2024-09-05T20:33:07.405428,npr.org,[],[],[],[],False,False,False
2024-09-05T20:33:07.405428,telekom.net,[],[],[],[],False,False,False
2024-09-05T20:33:07.405428,tp-link.com,[],[],[],[],False,False,False
2024-09-05T20:33:07.405428,mozilla.com,[],[],[],[],False,False,False
2024-09-05T20:33:07.405428,chatgpt.com,[],[],[],[],False,False,False
2024-09-05T20:33:07.405428,amazonalexa.com,[],[],[],[],False,False,False
2024-09-05T20:33:07.405428,heytapdl.com,[],[],[],[],False,False,False
2024-09-05T20:33:07.405428,globo.com,[],[],[],[],False,False,False
2024-09-05T20:33:07.405428,myshopify.com,[],[],[],[],False,False,False
2024-09-05T20:33:07.405428,yahoo.co.jp,[],[],[],[],False,False,False
2024-09-05T20:33:07.405428,xboxlive.com,[],[],[],[],False,False,False
2024-09-05T20:33:07.405428,statista.com,[],[],[],[],False,False,False
2024-09-05T20:33:07.405428,nstld.com,[],[],[],[],False,False,False
2024-09-05T20:33:07.405428,bilibili.com,[],[],[],[],False,False,False
2024-09-05T20:33:07.405428,checkpoint.com,[],[],[],[],False,False,False
2024-09-05T20:33:07.405428,goodreads.com,[],[],[],[],False,False,False
2024-09-05T20:33:07.405428,sc-gw.com,[],[],[],[],False,False,False
2024-09-05T20:33:07.405428,adobe.net,[],[],[],[],False,False,False
2024-09-05T20:33:07.405428,consultant.ru,[],[],[],[],False,False,False
2024-09-05T20:33:07.405428,vedcdnlb.com,[],[],[],[],False,False,False
2024-09-05T20:33:07.405428,g.page,[],[],[],[],False,False,False
2024-09-05T20:33:07.405428,foxnews.com,[],[],[],[],False,False,False
2024-09-05T20:33:07.405428,ok.ru,[],[],[],[],False,False,False
2024-09-05T20:33:07.405428,att.com,[],[],[],[],False,False,False
2024-09-05T20:33:07.405428,beian.gov.cn,[],[],[],[],False,False,False
2024-09-05T20:33:07.405428,amazon.de,[],[],[],[],False,False,False
2024-09-05T20:33:07.405428,cloud.microsoft,[],[],[],[],False,False,False
2024-09-05T20:33:07.405428,isnssdk.com,[],[],[],[],False,False,False
2024-09-05T20:33:07.405428,pages.dev,[],[],[],[],False,False,False
2024-09-05T20:33:07.405428,kaspersky-labs.com,[],[],[],[],False,False,False
2024-09-05T20:33:07.405428,verisign.com,[],[],[],[],False,False,False
2024-09-05T20:33:07.405428,time.com,[],[],[],[],False,False,False
2024-09-05T20:33:07.405428,addtoany.com,[],[],[],[],False,False,False
2024-09-05T20:33:07.405428,walmart.com,[],[],[],[],False,False,False
2024-09-05T20:33:07.405428,ys7.com,[],[],[],[],False,False,False
2024-09-05T20:33:07.405428,entrust.net,[],[],[],[],False,False,False
2024-09-05T20:33:07.405428,mynetname.net,[],[],[],[],False,False,False
2024-09-05T20:33:07.405428,avcdn.net,[],[],[],[],False,False,False
2024-09-05T20:33:07.405428,dell.com,[],[],[],[],False,False,False
2024-09-05T20:33:07.405428,nvidia.com,[],[],[],[],False,False,False
2024-09-05T20:33:07.405428,digitalocean.com,[],[],[],[],False,False,False
2024-09-05T20:33:07.405428,wired.com,[],[],[],[],False,False,False
2024-09-05T20:33:07.405428,teamviewer.com,[],[],[],[],False,False,False
2024-09-05T20:33:07.405428,rambler.ru,[],[],[],[],False,False,False
2024-09-05T20:33:07.405428,telegram.org,[],[],[],[],False,False,False
2024-09-05T20:33:07.405428,comfortel.pro,[],[],[],[],False,False,False
2024-09-05T20:33:07.405428,ttvnw.net,[],[],[],[],False,False,False
2024-09-05T20:33:07.405428,naver.com,[],[],[],[],False,False,False
2024-09-05T20:33:07.405428,wix.com,[],[],[],[],False,False,False
2024-09-05T20:33:07.405428,capcutapi.com,[],[],[],[],False,False,False
2024-09-05T20:33:07.405428,duckdns.org,[],[],[],[],False,False,False
2024-09-05T20:33:07.405428,tradingview.com,[],[],[],[],False,False,False
2024-09-05T20:33:07.405428,firetvcaptiveportal.com,[],[],[],[],False,False,False
2024-09-05T20:33:07.405428,static.microsoft,[],[],[],[],False,False,False
2024-09-05T20:33:07.405428,alibaba.com,[],[],[],[],False,False,False
2024-09-05T20:33:07.405428,healthline.com,[],[],[],[],False,False,False
2024-09-05T20:33:07.405428,byteoversea.com,[],[],[],[],False,False,False
2024-09-05T20:33:07.405428,hicloud.com,[],[],[],[],False,False,False
2024-09-05T20:33:07.405428,grammarly.com,[],[],[],[],False,False,False
2024-09-05T20:33:07.405428,gosuslugi.ru,[],[],[],[],False,False,False
2024-09-05T20:33:07.405428,amzn.to,[],[],[],[],False,False,False
2024-09-05T20:33:07.405428,gamepass.com,[],[],[],[],False,False,False
2024-09-05T20:33:07.405428,accuweather.com,[],[],[],[],False,False,False
2024-09-05T20:33:07.405428,delfi.lt,[],[],[],[],False,False,False
2024-09-05T20:33:07.405428,telegram.me,[],[],[],[],False,False,False
2024-09-05T20:33:07.405428,branch.io,[],[],[],[],False,False,False
2024-09-05T20:33:07.405428,online-metrix.net,[],[],[],[],False,False,False
2024-09-05T20:33:07.405428,blogger.com,[],[],[],[],False,False,False
2024-09-05T20:33:07.405428,behance.net,[],[],[],[],False,False,False
2024-09-05T20:33:07.405428,speedtest.net,[],[],[],[],False,False,False
2024-09-05T20:33:07.405428,hostgator.com,[],[],[],[],False,False,False
2024-09-05T20:33:07.405428,temu.com,[],[],[],[],False,False,False
2024-09-05T20:33:07.405428,nflximg.com,[],[],[],[],False,False,False
2024-09-05T20:33:07.405428,cnet.com,[],[],[],[],False,False,False
2024-09-05T20:33:07.405428,surveymonkey.com,[],[],[],[],False,False,False
2024-09-05T20:33:07.405428,aliyun.com,[],[],[],[],False,False,False
2024-09-05T20:33:07.405428,imcmdb.net,[],[],[],[],False,False,False
2024-09-05T20:33:07.405428,indexww.com,[],[],[],[],False,False,False
2024-09-05T20:33:07.405428,scribd.com,[],[],[],[],False,False,False
2024-09-05T20:33:07.405428,mikrotik.com,[],[],[],[],False,False,False
2024-09-05T20:33:07.405428,mayoclinic.org,[],[],[],[],False,False,False
2024-09-05T20:33:07.405428,autodesk.com,[],[],[],[],False,False,False
2024-09-05T20:33:07.405428,kwai.net,[],[],[],[],False,False,False
2024-09-05T20:33:07.405428,cloudapp.net,[],[],[],[],False,False,False
2024-09-05T20:33:07.405428,debian.org,[],[],[],[],False,False,False
2024-09-05T20:33:07.405428,launchpad.net,[],[],[],[],False,False,False
2024-09-05T20:33:07.405428,trendmicro.com,[],[],[],[],False,False,False
2024-09-05T20:33:07.405428,ft.com,[],[],[],[],False,False,False
2024-09-05T20:33:07.405428,aol.com,[],[],[],[],False,False,False
2024-09-05T20:33:07.405428,ctdns.cn,[],[],[],[],False,False,False
2024-09-05T20:33:07.405428,id5-sync.com,[],[],[],[],False,False,False
2024-09-05T20:33:07.405428,ted.com,[],[],[],[],False,False,False
2024-09-05T20:33:07.405428,ngenix.net,[],[],[],[],False,False,False
2024-09-05T20:33:07.405428,xhamster.com,[],[],[],[],False,False,False
2024-09-05T20:33:07.405428,indiatimes.com,[],[],[],[],False,False,False
2024-09-05T20:33:07.405428,chinamobile.com,[],[],[],[],False,False,False
2024-09-05T20:33:07.405428,duckduckgo.com,[],[],[],[],False,False,False
2024-09-05T20:33:07.405428,squarespace.com,[],[],[],[],False,False,False
2024-09-05T20:33:07.405428,google.com.hk,[],[],[],[],False,False,False
2024-09-05T20:33:07.405428,onlinepbx.ru,[],[],[],[],False,False,False
2024-09-05T20:33:07.405428,rzone.de,[],[],[],[],False,False,False
2024-09-05T20:33:07.405428,mediatek.com,[],[],[],[],False,False,False
2024-09-05T20:33:07.405428,duolingo.com,[],[],[],[],False,False,False
2024-09-05T20:33:07.405428,xvideos.com,[],[],[],[],False,False,False
2024-09-05T20:33:07.405428,dnspod.net,[],[],[],[],False,False,False
2024-09-05T20:33:07.405428,akam.net,[],[],[],[],False,False,False
2024-09-05T20:33:07.405428,disqus.com,[],[],[],[],False,False,False
2024-09-05T20:33:07.405428,vkuser.net,[],[],[],[],False,False,False
2024-09-05T20:33:07.405428,ups.com,[],[],[],[],False,False,False
2024-09-05T20:33:07.405428,upwitheaway.info,[],[],[],[],False,False,False
2024-09-05T20:33:07.405428,worldnic.com,[],[],[],[],False,False,False
2024-09-05T20:33:07.405428,dns.com,[],[],[],[],False,False,False
2024-09-05T20:33:07.405428,goskope.com,[],[],[],[],False,False,False
2024-09-05T20:33:07.405428,ovscdns.com,[],[],[],[],False,False,False
2024-09-05T20:33:07.405428,huawei.com,[],[],[],[],False,False,False
2024-09-05T20:33:07.405428,calendly.com,[],[],[],[],False,False,False
2024-09-05T20:33:07.405428,google.ca,[],[],[],[],False,False,False
2024-09-05T20:33:07.405428,360yield.com,[],[],[],[],False,False,False
2024-09-05T20:33:07.405428,rackspace.net,[],[],[],[],False,False,False
2024-09-05T20:33:07.405428,dotomi.com,[],[],[],[],False,False,False
2024-09-05T20:33:07.405428,msidentity.com,[],[],[],[],False,False,False
2024-09-05T20:33:07.405428,nypost.com,[],[],[],[],False,False,False
2024-09-05T20:33:07.405428,azure-dns.com,[],[],[],[],False,False,False
2024-09-05T20:33:07.405428,mozgcp.net,[],[],[],[],False,False,False
2024-09-05T20:33:07.405428,hotjar.com,[],[],[],[],False,False,False
2024-09-05T20:33:07.405428,intel.com,[],[],[],[],False,False,False
2024-09-05T20:33:07.405428,mailchimp.com,[],[],[],[],False,False,False
2024-09-05T20:33:07.405428,sentinelone.net,[],[],[],[],False,False,False
2024-09-05T20:33:07.405428,virtualearth.net,[],[],[],[],False,False,False
2024-09-05T20:33:07.405428,tds.net,[],[],[],[],False,False,False
2024-09-05T20:33:07.405428,google.fr,[],[],[],[],False,False,False
2024-09-05T20:33:07.405428,phicdn.net,[],[],[],[],False,False,False
2024-09-05T20:33:07.405428,ca.gov,[],[],[],[],False,False,False
2024-09-05T20:33:07.405428,imgur.com,[],[],[],[],False,False,False
2024-09-05T20:33:07.405428,deviantart.com,[],[],[],[],False,False,False
2024-09-05T20:33:07.405428,mysql.com,[],[],[],[],False,False,False
2024-09-05T20:33:07.405428,buzzfeed.com,[],[],[],[],False,False,False
2024-09-05T20:33:07.405428,cdnbuild.net,[],[],[],[],False,False,False
2024-09-05T20:33:07.405428,aboutads.info,[],[],[],[],False,False,False
2024-09-05T20:33:07.405428,safebrowsing.apple,[],[],[],[],False,False,False
2024-09-05T20:33:07.405428,fb.com,[],[],[],[],False,False,False
2024-09-05T20:33:07.405428,att.net,[],[],[],[],False,False,False
2024-09-05T20:33:07.405428,paloaltonetworks.com,[],[],[],[],False,False,False
2024-09-05T20:33:07.405428,namebrightdns.com,[],[],[],[],False,False,False
2024-09-05T20:33:07.405428,visualstudio.com,[],[],[],[],False,False,False
2024-09-05T20:33:07.405428,trustpilot.com,[],[],[],[],False,False,False
2024-09-05T20:33:07.405428,amazontrust.com,[],[],[],[],False,False,False
2024-09-05T20:33:07.405428,yahoodns.net,[],[],[],[],False,False,False
2024-09-05T20:33:07.405428,loc.gov,[],[],[],[],False,False,False
2024-09-05T20:33:07.405428,cbsnews.com,[],[],[],[],False,False,False
2024-09-05T20:33:07.405428,icloud-content.com,[],[],[],[],False,False,False
2024-09-05T20:33:07.405428,netease.com,[],[],[],[],False,False,False
2024-09-05T20:33:07.405428,imgsmail.ru,[],[],[],[],False,False,False
2024-09-05T20:33:07.405428,sapo.pt,[],[],[],[],False,False,False
2024-09-05T20:33:07.405428,uol.com.br,[],[],[],[],False,False,False
2024-09-05T20:33:07.405428,oup.com,[],[],[],[],False,False,False
2024-09-05T20:33:07.405428,blueapron.com,[],[],[],[],False,False,False
2024-09-05T20:33:07.405428,steamcommunity.com,[],[],[],[],False,False,False
2024-09-05T20:33:07.405428,ipv4only.arpa,[],[],[],[],False,False,False
2024-09-05T20:33:07.405428,vkontakte.ru,[],[],[],[],False,False,False
2024-09-05T20:33:07.405428,line.me,[],[],[],[],False,False,False
2024-09-05T20:33:07.405428,braze.com,[],[],[],[],False,False,False
2024-09-05T20:33:07.405428,patreon.com,[],[],[],[],False,False,False
2024-09-05T20:33:07.405428,freepik.com,[],[],[],[],False,False,False
2024-09-05T20:33:07.405428,sina.com.cn,[],[],[],[],False,False,False
2024-09-05T20:33:07.405428,deepintent.com,[],[],[],[],False,False,False
2024-09-05T20:33:07.405428,berkeley.edu,[],[],[],[],False,False,False
2024-09-05T20:33:07.405428,google.co.jp,[],[],[],[],False,False,False
2024-09-05T20:33:07.405428,onetrust.com,[],[],[],[],False,False,False
2024-09-05T20:33:07.405428,ietf.org,[],[],[],[],False,False,False
2024-09-05T20:33:07.405428,marriott.com,[],[],[],[],False,False,False
2024-09-05T20:33:07.405428,playstation.com,[],[],[],[],False,False,False
2024-09-05T20:33:07.405428,jquery.com,[],[],[],[],False,False,False
2024-09-05T20:33:07.405428,tandfonline.com,[],[],[],[],False,False,False
2024-09-05T20:33:07.405428,netflix.net,[],[],[],[],False,False,False
2024-09-05T20:33:07.405428,tencent-cloud.net,[],[],[],[],False,False,False
2024-09-05T20:33:07.405428,cornell.edu,[],[],[],[],False,False,False
2024-09-05T20:33:07.405428,name.com,[],[],[],[],False,False,False
2024-09-05T20:33:07.405428,mega.co.nz,[],[],[],[],False,False,False
2024-09-05T20:33:07.405428,conviva.com,[],[],[],[],False,False,False
2024-09-05T20:33:07.405428,rakuten.co.jp,[],[],[],[],False,False,False
2024-09-05T20:33:07.405428,163.com,[],[],[],[],False,False,False
2024-09-05T20:33:07.405428,newsweek.com,[],[],[],[],False,False,False
2024-09-05T20:33:07.405428,licdn.com,[],[],[],[],False,False,False
2024-09-05T20:33:07.405428,yandex.com,[],[],[],[],False,False,False
2024-09-05T20:33:07.405428,techcrunch.com,[],[],[],[],False,False,False
2024-09-05T20:33:07.405428,bdydns.com,[],[],[],[],False,False,False
2024-09-05T20:33:07.405428,amazon.co.jp,[],[],[],[],False,False,False
2024-09-05T20:33:07.405428,omnitagjs.com,[],[],[],[],False,False,False
2024-09-05T20:33:07.405428,noaa.gov,[],[],[],[],False,False,False
2024-09-05T20:33:07.405428,expedia.com,[],[],[],[],False,False,False
2024-09-05T20:33:07.405428,shutterstock.com,[],[],[],[],False,False,False
2024-09-05T20:33:07.405428,nike.com,[],[],[],[],False,False,False
2024-09-05T20:33:07.405428,theverge.com,[],[],[],[],False,False,False
2024-09-05T20:33:07.405428,yelp.com,[],[],[],[],False,False,False
2024-09-05T20:33:07.405428,grammarly.io,[],[],[],[],False,False,False
2024-09-05T20:33:07.405428,yieldmo.com,[],[],[],[],False,False,False
2024-09-05T20:33:07.405428,nelreports.net,[],[],[],[],False,False,False
2024-09-05T20:33:07.405428,myspace.com,[],[],[],[],False,False,False
2024-09-05T20:33:07.405428,qualtrics.com,[],[],[],[],False,False,False
2024-09-05T20:33:07.405428,free.fr,[],[],[],[],False,False,False
2024-09-05T20:33:07.405428,bigo.sg,[],[],[],[],False,False,False
2024-09-05T20:33:07.405428,cookielaw.org,[],[],[],[],False,False,False
2024-09-05T20:33:07.405428,wal-mart.com,[],[],[],[],False,False,False
2024-09-05T20:33:07.405428,apnews.com,[],[],[],[],False,False,False
2024-09-05T20:33:07.405428,ovscdns.net,[],[],[],[],False,False,False
2024-09-05T20:33:07.405428,atlassian.com,[],[],[],[],False,False,False
2024-09-05T20:33:07.405428,webmd.com,[],[],[],[],False,False,False
2024-09-05T20:33:07.405428,wattpad.com,[],[],[],[],False,False,False
2024-09-05T20:33:07.405428,latimes.com,[],[],[],[],False,False,False
2024-09-05T20:33:07.405428,livejournal.com,[],[],[],[],False,False,False
2024-09-05T20:33:07.405428,ezvizlife.com,[],[],[],[],False,False,False
2024-09-05T20:33:07.405428,ikea.com,[],[],[],[],False,False,False
2024-09-05T20:33:07.405428,myqcloud.com,[],[],[],[],False,False,False
2024-09-05T20:33:07.405428,vivoglobal.com,[],[],[],[],False,False,False
2024-09-05T20:33:07.405428,britannica.com,[],[],[],[],False,False,False
2024-09-05T20:33:07.405428,google.es,[],[],[],[],False,False,False
2024-09-05T20:33:07.405428,amplitude.com,[],[],[],[],False,False,False
2024-09-05T20:33:07.405428,agkn.com,[],[],[],[],False,False,False
2024-09-05T20:33:07.405428,google.co.in,[],[],[],[],False,False,False
2024-09-05T20:33:07.405428,klaviyo.com,[],[],[],[],False,False,False
2024-09-05T20:33:07.405428,newrelic.com,[],[],[],[],False,False,False
2024-09-05T20:33:07.405428,docker.com,[],[],[],[],False,False,False
2024-09-05T20:33:07.405428,moatads.com,[],[],[],[],False,False,False
2024-09-05T20:33:07.405428,smaato.net,[],[],[],[],False,False,False
2024-09-05T20:33:07.405428,optimizely.com,[],[],[],[],False,False,False
2024-09-05T20:33:07.405428,google.it,[],[],[],[],False,False,False
2024-09-05T20:33:07.405428,crwdcntrl.net,[],[],[],[],False,False,False
2024-09-05T20:33:07.405428,tapad.com,[],[],[],[],False,False,False
2024-09-05T20:33:07.405428,live.net,[],[],[],[],False,False,False
2024-09-05T20:33:07.405428,pandora.com,[],[],[],[],False,False,False
2024-09-05T20:33:07.405428,rt.ru,[],[],[],[],False,False,False
2024-09-05T20:33:07.405428,okta.com,[],[],[],[],False,False,False
2024-09-05T20:33:07.405428,ui-dns.com,[],[],[],[],False,False,False
2024-09-05T20:33:07.405428,spov-msedge.net,[],[],[],[],False,False,False
2024-09-05T20:33:07.405428,prnewswire.com,[],[],[],[],False,False,False
2024-09-05T20:33:07.405428,adobedtm.com,[],[],[],[],False,False,False
2024-09-05T20:33:07.405428,fontawesome.com,[],[],[],[],False,False,False
2024-09-05T20:33:07.405428,cookiedatabase.org,[],[],[],[],False,False,False
2024-09-05T20:33:07.405428,contentsquare.net,[],[],[],[],False,False,False
2024-09-05T20:33:07.405428,timeweb.ru,[],[],[],[],False,False,False
2024-09-05T20:33:07.405428,360.cn,[],[],[],[],False,False,False
2024-09-05T20:33:07.405428,byteglb.com,[],[],[],[],False,False,False
2024-09-05T20:33:07.405428,elpais.com,[],[],[],[],False,False,False
2024-09-05T20:33:07.405428,w3schools.com,[],[],[],[],False,False,False
2024-09-05T20:33:07.405428,fandom.com,[],[],[],[],False,False,False
2024-09-05T20:33:07.405428,typekit.net,[],[],[],[],False,False,False
2024-09-05T20:33:07.405428,go-mpulse.net,[],[],[],[],False,False,False
2024-09-05T20:33:07.405428,sagepub.com,[],[],[],[],False,False,False
2024-09-05T20:33:07.405428,nbcnews.com,[],[],[],[],False,False,False
2024-09-05T20:33:07.405428,usgovcloudapi.net,[],[],[],[],False,False,False
2024-09-05T20:33:07.405428,omni.ru,[],[],[],[],False,False,False
2024-09-05T20:33:07.405428,hugedomains.com,[],[],[],[],False,False,False
2024-09-05T20:33:07.405428,kwimgs.com,[],[],[],[],False,False,False
2024-09-05T20:33:07.405428,svc.ms,[],[],[],[],False,False,False
2024-09-05T20:33:07.405428,easebar.com,[],[],[],[],False,False,False
2024-09-05T20:33:07.405428,rackspace.com,[],[],[],[],False,False,False
2024-09-05T20:33:07.405428,dbankcloud.com,[],[],[],[],False,False,False
2024-09-05T20:33:07.405428,amazon.fr,[],[],[],[],False,False,False
2024-09-05T20:33:07.405428,bitrix24.ru,[],[],[],[],False,False,False
2024-09-05T20:33:07.405428,stackadapt.com,[],[],[],[],False,False,False
2024-09-05T20:33:07.405428,amazon.ca,[],[],[],[],False,False,False
2024-09-05T20:33:07.405428,life360.com,[],[],[],[],False,False,False
2024-09-05T20:33:07.405428,ieee.org,[],[],[],[],False,False,False
2024-09-05T20:33:07.405428,herokuapp.com,[],[],[],[],False,False,False
2024-09-05T20:33:07.405428,mlb.com,[],[],[],[],False,False,False
2024-09-05T20:33:07.405428,pinimg.com,[],[],[],[],False,False,False
2024-09-05T20:33:07.405428,imrworldwide.com,[],[],[],[],False,False,False
2024-09-05T20:33:07.405428,samsungapps.com,[],[],[],[],False,False,False
2024-09-05T20:33:07.405428,cambridge.org,[],[],[],[],False,False,False
2024-09-05T20:33:07.405428,galleryvalery.com,[],[],[],[],False,False,False
2024-09-05T20:33:07.405428,nflxvideo.net,[],[],[],[],False,False,False
2024-09-05T20:33:07.405428,usda.gov,[],[],[],[],False,False,False
2024-09-05T20:33:07.405428,jotform.com,[],[],[],[],False,False,False
2024-09-05T20:33:07.405428,awsglobalaccelerator.com,[],[],[],[],False,False,False
2024-09-05T20:33:07.405428,e-msedge.net,[],[],[],[],False,False,False
2024-09-05T20:33:07.405428,igamecj.com,[],[],[],[],False,False,False
2024-09-05T20:33:07.405428,mediafire.com,[],[],[],[],False,False,False
2024-09-05T20:33:07.405428,allaboutcookies.org,[],[],[],[],False,False,False
2024-09-05T20:33:07.405428,addthis.com,[],[],[],[],False,False,False
2024-09-05T20:33:07.405428,hbr.org,[],[],[],[],False,False,False
2024-09-05T20:33:07.405428,investopedia.com,[],[],[],[],False,False,False
2024-09-05T20:33:07.405428,intercom.io,[],[],[],[],False,False,False
2024-09-05T20:33:07.405428,bluehost.com,[],[],[],[],False,False,False
2024-09-05T20:33:07.405428,coinmarketcap.com,[],[],[],[],False,False,False
2024-09-05T20:33:07.405428,washington.edu,[],[],[],[],False,False,False
2024-09-05T20:33:07.405428,erome.com,[],[],[],[],False,False,False
2024-09-05T20:33:07.405428,udemy.com,[],[],[],[],False,False,False
2024-09-05T20:33:07.405428,bidr.io,[],[],[],[],False,False,False
2024-09-05T20:33:07.405428,fda.gov,[],[],[],[],False,False,False
2024-09-05T20:33:07.405428,ks-cdn.com,[],[],[],[],False,False,False
2024-09-05T20:33:07.405428,networkadvertising.org,[],[],[],[],False,False,False
2024-09-05T20:33:07.405428,service.gov.uk,[],[],[],[],False,False,False
2024-09-05T20:33:07.405428,bamgrid.com,[],[],[],[],False,False,False
2024-09-05T20:33:07.405428,contextweb.com,[],[],[],[],False,False,False
2024-09-05T20:33:07.405428,gumgum.com,[],[],[],[],False,False,False
2024-09-05T20:33:07.405428,telekom.de,[],[],[],[],False,False,False
2024-09-05T20:33:07.405428,dreamhost.com,[],[],[],[],False,False,False
2024-09-05T20:33:07.405428,shein.com,[],[],[],[],False,False,False
2024-09-05T20:33:07.405428,33across.com,[],[],[],[],False,False,False
2024-09-05T20:33:07.405428,samsungacr.com,[],[],[],[],False,False,False
2024-09-05T20:33:07.405428,everesttech.net,[],[],[],[],False,False,False
2024-09-05T20:33:07.405428,footprintdns.com,[],[],[],[],False,False,False
2024-09-05T20:33:07.405428,unesco.org,[],[],[],[],False,False,False
2024-09-05T20:33:07.405428,box.com,[],[],[],[],False,False,False
2024-09-05T20:33:07.405428,brave.com,[],[],[],[],False,False,False
2024-09-05T20:33:07.405428,steamstatic.com,[],[],[],[],False,False,False
2024-09-05T20:33:07.405428,dns-shop.ru,[],[],[],[],False,False,False
2024-09-05T20:33:07.405428,cdnhwc1.com,[],[],[],[],False,False,False
2024-09-05T20:33:07.405428,appspot.com,[],[],[],[],False,False,False
2024-09-05T20:33:07.405428,incapdns.net,[],[],[],[],False,False,False
2024-09-05T20:33:07.405428,1rx.io,[],[],[],[],False,False,False
2024-09-05T20:33:07.405428,fedex.com,[],[],[],[],False,False,False
2024-09-05T20:33:07.405428,spaceweb.pro,[],[],[],[],False,False,False
2024-09-05T20:33:07.405428,theatlantic.com,[],[],[],[],False,False,False
2024-09-05T20:33:07.405428,lemonde.fr,[],[],[],[],False,False,False
2024-09-05T20:33:07.405428,kaspi.kz,[],[],[],[],False,False,False
2024-09-05T20:33:07.405428,impervadns.net,[],[],[],[],False,False,False
2024-09-05T20:33:07.405428,360safe.com,[],[],[],[],False,False,False
2024-09-05T20:33:07.405428,huffingtonpost.com,[],[],[],[],False,False,False
2024-09-05T20:33:07.405428,samsungosp.com,[],[],[],[],False,False,False
2024-09-05T20:33:07.405428,bestbuy.com,[],[],[],[],False,False,False
2024-09-05T20:33:07.405428,gcdn.co,[],[],[],[],False,False,False
2024-09-05T20:33:07.405428,youku.com,[],[],[],[],False,False,False
2024-09-05T20:33:07.405428,zemanta.com,[],[],[],[],False,False,False
2024-09-05T20:33:07.405428,beeline.ru,[],[],[],[],False,False,False
2024-09-05T20:33:07.405428,amazon.in,[],[],[],[],False,False,False
2024-09-05T20:33:07.405428,org.plus,[],[],[],[],False,False,False
2024-09-05T20:33:07.405428,rncdn7.com,[],[],[],[],False,False,False
2024-09-05T20:33:07.405428,aws.dev,[],[],[],[],False,False,False
2024-09-05T20:33:07.405428,nationalgeographic.com,[],[],[],[],False,False,False
2024-09-05T20:33:07.405428,anydesk.com,[],[],[],[],False,False,False
2024-09-05T20:33:07.405428,xiaomi.net,[],[],[],[],False,False,False
2024-09-05T20:33:07.405428,cdnvideo.ru,[],[],[],[],False,False,False
2024-09-05T20:33:07.405428,warnerbros.com,[],[],[],[],False,False,False
2024-09-05T20:33:07.405428,people.com,[],[],[],[],False,False,False
2024-09-05T20:33:07.405428,shopee.co.id,[],[],[],[],False,False,False
2024-09-05T20:33:07.405428,herokudns.com,[],[],[],[],False,False,False
2024-09-05T20:33:07.405428,nikkei.com,[],[],[],[],False,False,False
2024-09-05T20:33:07.405428,rapid7.com,[],[],[],[],False,False,False
2024-09-05T20:33:07.405428,bluekai.com,[],[],[],[],False,False,False
2024-09-05T20:33:07.405428,oraclecloud.com,[],[],[],[],False,False,False
2024-09-05T20:33:07.405428,sberbank.ru,[],[],[],[],False,False,False
2024-09-05T20:33:07.405428,squarespacedns.com,[],[],[],[],False,False,False
2024-09-05T20:33:07.405428,maricopa.gov,[],[],[],[],False,False,False
2024-09-05T20:33:07.405428,fiverr.com,[],[],[],[],False,False,False
2024-09-05T20:33:07.405428,zillow.com,[],[],[],[],False,False,False
2024-09-05T20:33:07.405428,datadoghq.com,[],[],[],[],False,False,False
2024-09-05T20:33:07.405428,googlezip.net,[],[],[],[],False,False,False
2024-09-05T20:33:07.405428,mailchi.mp,[],[],[],[],False,False,False
2024-09-05T20:33:07.405428,bandcamp.com,[],[],[],[],False,False,False
2024-09-05T20:33:07.405428,rbc.ru,[],[],[],[],False,False,False
2024-09-05T20:33:07.405428,usps.com,[],[],[],[],False,False,False
2024-09-05T20:33:07.405428,1drv.com,[],[],[],[],False,False,False
2024-09-05T20:33:07.405428,express.co.uk,[],[],[],[],False,False,False
2024-09-05T20:33:07.405428,riotgames.com,[],[],[],[],False,False,False
2024-09-05T20:33:07.405428,pendo.io,[],[],[],[],False,False,False
2024-09-05T20:33:07.405428,themeforest.net,[],[],[],[],False,False,False
2024-09-05T20:33:07.405428,mixpanel.com,[],[],[],[],False,False,False
2024-09-05T20:33:07.405428,cloudflareclient.com,[],[],[],[],False,False,False
2024-09-05T20:33:07.405428,viber.com,[],[],[],[],False,False,False
2024-09-05T20:33:07.405428,cdnhwc2.com,[],[],[],[],False,False,False
2024-09-05T20:33:07.405428,wb.ru,[],[],[],[],False,False,False
2024-09-05T20:33:07.405428,avito.ru,[],[],[],[],False,False,False
2024-09-05T20:33:07.405428,dbankcloud.cn,[],[],[],[],False,False,False
2024-09-05T20:33:07.405428,webrootcloudav.com,[],[],[],[],False,False,False
2024-09-05T20:33:07.405428,olympics.com,[],[],[],[],False,False,False
2024-09-05T20:33:07.405428,prmsrvs.com,[],[],[],[],False,False,False
2024-09-05T20:33:07.405428,target.com,[],[],[],[],False,False,False
2024-09-05T20:33:07.405428,wyzecam.com,[],[],[],[],False,False,False
2024-09-05T20:33:07.405428,fast.com,[],[],[],[],False,False,False
2024-09-05T20:33:07.405428,pvp.net,[],[],[],[],False,False,False
2024-09-05T20:33:07.405428,miwifi.com,[],[],[],[],False,False,False
2024-09-05T20:33:07.405428,a-mo.net,[],[],[],[],False,False,False
2024-09-05T20:33:07.405428,kargo.com,[],[],[],[],False,False,False
2024-09-05T20:33:07.405428,tremorhub.com,[],[],[],[],False,False,False
2024-09-05T20:33:07.405428,google.cn,[],[],[],[],False,False,False
2024-09-05T20:33:07.405428,turn.com,[],[],[],[],False,False,False
2024-09-05T20:33:07.405428,crpt.ru,[],[],[],[],False,False,False
2024-09-05T20:33:07.405428,fiberhub.net,[],[],[],[],False,False,False
2024-09-05T20:33:07.405428,chartboost.com,[],[],[],[],False,False,False
2024-09-05T20:33:07.405428,homedepot.com,[],[],[],[],False,False,False
2024-09-05T20:33:07.405428,w55c.net,[],[],[],[],False,False,False
2024-09-05T20:33:07.405428,plesk.com,[],[],[],[],False,False,False
2024-09-05T20:33:07.405428,gandi-ns.fr,[],[],[],[],False,False,False
2024-09-05T20:33:07.405428,cqloud.com,[],[],[],[],False,False,False
2024-09-05T20:33:07.405428,globalsign.com,[],[],[],[],False,False,False
2024-09-05T20:33:07.405428,news.com.au,[],[],[],[],False,False,False
2024-09-05T20:33:07.405428,sitescout.com,[],[],[],[],False,False,False
2024-09-05T20:33:07.405428,azure-devices.net,[],[],[],[],False,False,False
2024-09-05T20:33:07.405428,onlyfans.com,[],[],[],[],False,False,False
2024-09-05T20:33:07.405428,browser-intake-datadoghq.com,[],[],[],[],False,False,False
2024-09-05T20:33:07.405428,princeton.edu,[],[],[],[],False,False,False
2024-09-05T20:33:07.405428,zoho.com,[],[],[],[],False,False,False
2024-09-05T20:33:07.405428,adtrafficquality.google,[],[],[],[],False,False,False
2024-09-05T20:33:07.405428,upwork.com,[],[],[],[],False,False,False
2024-09-05T20:33:07.405428,liftoff.io,[],[],[],[],False,False,False
2024-09-05T20:33:07.405428,airbnb.com,[],[],[],[],False,False,False
2024-09-05T20:33:07.405428,google.pl,[],[],[],[],False,False,False
2024-09-05T20:33:07.405428,heytapmobile.com,[],[],[],[],False,False,False
2024-09-05T20:33:07.405428,mgts.ru,[],[],[],[],False,False,False
2024-09-05T20:33:07.405428,quickconnect.to,[],[],[],[],False,False,False
2024-09-05T20:33:07.405428,change.org,[],[],[],[],False,False,False
2024-09-05T20:33:07.405428,bitdefender.com,[],[],[],[],False,False,False
2024-09-05T20:33:07.405428,xnxx.com,[],[],[],[],False,False,False
2024-09-05T20:33:07.405428,markmonitor.com,[],[],[],[],False,False,False
2024-09-05T20:33:07.405428,gitlab.com,[],[],[],[],False,False,False
2024-09-05T20:33:07.405428,isappcloud.com,[],[],[],[],False,False,False
2024-09-05T20:33:07.405428,huffpost.com,[],[],[],[],False,False,False
2024-09-05T20:33:07.405428,comcast.com,[],[],[],[],False,False,False
2024-09-05T20:33:07.405428,heylink.me,[],[],[],[],False,False,False
2024-09-05T20:33:07.405428,epa.gov,[],[],[],[],False,False,False
2024-09-05T20:33:07.405428,ssl-images-amazon.com,[],[],[],[],False,False,False
2024-09-05T20:33:07.405428,mgid.com,[],[],[],[],False,False,False
2024-09-05T20:33:07.405428,kickstarter.com,[],[],[],[],False,False,False
2024-09-05T20:33:07.405428,cloudns.net,[],[],[],[],False,False,False
2024-09-05T20:33:07.405428,stickyadstv.com,[],[],[],[],False,False,False
2024-09-05T20:33:07.405428,iso.org,[],[],[],[],False,False,False
2024-09-05T20:33:07.405428,discordapp.com,[],[],[],[],False,False,False
2024-09-05T20:33:07.405428,alidns.com,[],[],[],[],False,False,False
2024-09-05T20:33:07.405428,ya.ru,[],[],[],[],False,False,False
2024-09-05T20:33:07.405428,binance.com,[],[],[],[],False,False,False
2024-09-05T20:33:07.405428,teads.tv,[],[],[],[],False,False,False
2024-09-05T20:33:07.405428,ipredictive.com,[],[],[],[],False,False,False
2024-09-05T20:33:07.405428,pornhub.com,[],[],[],[],False,False,False
2024-09-05T20:33:07.405428,redhat.com,[],[],[],[],False,False,False
2024-09-05T20:33:07.405428,bugsnag.com,[],[],[],[],False,False,False
2024-09-05T20:33:07.405428,ebay.co.uk,[],[],[],[],False,False,False
2024-09-05T20:33:07.405428,pbs.org,[],[],[],[],False,False,False
2024-09-05T20:33:07.405428,welt.de,[],[],[],[],False,False,False
2024-09-05T20:33:07.405428,lefigaro.fr,[],[],[],[],False,False,False
2024-09-05T20:33:07.405428,hostgator.com.br,[],[],[],[],False,False,False
2024-09-05T20:33:07.405428,shopee.com.br,[],[],[],[],False,False,False
2024-09-05T20:33:07.405428,protek.ru,[],[],[],[],False,False,False
2024-09-05T20:33:07.405428,abusix.zone,[],[],[],[],False,False,False
2024-09-05T20:33:07.405428,worldbank.org,[],[],[],[],False,False,False
2024-09-05T20:33:07.405428,whitehouse.gov,[],[],[],[],False,False,False
2024-09-05T20:33:07.405428,githubusercontent.com,[],[],[],[],False,False,False
2024-09-05T20:33:07.405428,pubmnet.com,[],[],[],[],False,False,False
2024-09-05T20:33:07.405428,fbsbx.com,[],[],[],[],False,False,False
2024-09-05T20:33:07.405428,cloudflareinsights.com,[],[],[],[],False,False,False
2024-09-05T20:33:07.405428,lenovo.com,[],[],[],[],False,False,False
2024-09-05T20:33:07.405428,bild.de,[],[],[],[],False,False,False
2024-09-05T20:33:07.405428,spbycdn.com,[],[],[],[],False,False,False
2024-09-05T20:33:07.405428,academia.edu,[],[],[],[],False,False,False
2024-09-05T20:33:07.405428,infonline.de,[],[],[],[],False,False,False
2024-09-05T20:33:07.405428,google.com.mx,[],[],[],[],False,False,False
2024-09-05T20:33:07.405428,va.gov,[],[],[],[],False,False,False
2024-09-05T20:33:07.405428,bankofamerica.com,[],[],[],[],False,False,False
2024-09-05T20:33:07.405428,canonical.com,[],[],[],[],False,False,False
2024-09-05T20:33:07.405428,amazon.es,[],[],[],[],False,False,False
2024-09-05T20:33:07.405428,ameblo.jp,[],[],[],[],False,False,False
2024-09-05T20:33:07.405428,onetag-sys.com,[],[],[],[],False,False,False
2024-09-05T20:33:07.405428,bootstrapcdn.com,[],[],[],[],False,False,False
2024-09-05T20:33:07.405428,ndtv.com,[],[],[],[],False,False,False
2024-09-05T20:33:07.405428,fastly-edge.com,[],[],[],[],False,False,False
2024-09-05T20:33:07.405428,unrulymedia.com,[],[],[],[],False,False,False
2024-09-05T20:33:07.405428,connatix.com,[],[],[],[],False,False,False
2024-09-05T20:33:07.405428,seznam.cz,[],[],[],[],False,False,False
2024-09-05T20:33:07.405428,netgear.com,[],[],[],[],False,False,False
2024-09-05T20:33:07.405428,abovedomains.com,[],[],[],[],False,False,False
2024-09-05T20:33:07.405428,arcgis.com,[],[],[],[],False,False,False
2024-09-05T20:33:07.405428,google.com.tr,[],[],[],[],False,False,False
2024-09-05T20:33:07.405428,linode.com,[],[],[],[],False,False,False
2024-09-05T20:33:07.405428,nest.com,[],[],[],[],False,False,False
2024-09-05T20:33:07.405428,lgtvcommon.com,[],[],[],[],False,False,False
2024-09-05T20:33:07.405428,bytetcdn.com,[],[],[],[],False,False,False
2024-09-05T20:33:07.405428,primevideo.com,[],[],[],[],False,False,False
2024-09-05T20:33:07.405428,amazon.it,[],[],[],[],False,False,False
2024-09-05T20:33:07.405428,intentiq.com,[],[],[],[],False,False,False
2024-09-05T20:33:07.405428,ioam.de,[],[],[],[],False,False,False
2024-09-05T20:33:07.405428,allegro.pl,[],[],[],[],False,False,False
2024-09-05T20:33:07.405428,hindustantimes.com,[],[],[],[],False,False,False
2024-09-05T20:33:07.405428,state.gov,[],[],[],[],False,False,False
2024-09-05T20:33:07.405428,mozilla.net,[],[],[],[],False,False,False
2024-09-05T20:33:07.405428,scdn.co,[],[],[],[],False,False,False
2024-09-05T20:33:07.405428,daum.net,[],[],[],[],False,False,False
2024-09-05T20:33:07.405428,aniview.com,[],[],[],[],False,False,False
2024-09-05T20:33:07.405428,disneyplus.com,[],[],[],[],False,False,False
2024-09-05T20:33:07.405428,supercell.com,[],[],[],[],False,False,False
2024-09-05T20:33:07.405428,ohthree.com,[],[],[],[],False,False,False
2024-09-05T20:33:07.405428,genius.com,[],[],[],[],False,False,False
2024-09-05T20:33:07.405428,service-now.com,[],[],[],[],False,False,False
2024-09-05T20:33:07.405428,ad.gt,[],[],[],[],False,False,False
2024-09-05T20:33:07.405428,flashtalking.com,[],[],[],[],False,False,False
2024-09-05T20:33:07.405428,adjust.com,[],[],[],[],False,False,False
2024-09-05T20:33:07.405428,deloitte.com,[],[],[],[],False,False,False
2024-09-05T20:33:07.405428,yellowblue.io,[],[],[],[],False,False,False
2024-09-05T20:33:07.405428,xerox.com,[],[],[],[],False,False,False
2024-09-05T20:33:07.405428,chaturbate.com,[],[],[],[],False,False,False
2024-09-05T20:33:07.405428,statcounter.com,[],[],[],[],False,False,False
2024-09-05T20:33:07.405428,ecdns.net,[],[],[],[],False,False,False
2024-09-05T20:33:07.405428,dns.jp,[],[],[],[],False,False,False
2024-09-05T20:33:07.405428,vivo.com.cn,[],[],[],[],False,False,False
2024-09-05T20:33:07.405428,biblegateway.com,[],[],[],[],False,False,False
2024-09-05T20:33:07.405428,wp.pl,[],[],[],[],False,False,False
2024-09-05T20:33:07.405428,mckinsey.com,[],[],[],[],False,False,False
2024-09-05T20:33:07.405428,churnzero.net,[],[],[],[],False,False,False
2024-09-05T20:33:07.405428,lg.com,[],[],[],[],False,False,False
2024-09-05T20:33:07.405428,unpkg.com,[],[],[],[],False,False,False
2024-09-05T20:33:07.405428,typeform.com,[],[],[],[],False,False,False
2024-09-05T20:33:07.405428,firefox.com,[],[],[],[],False,False,False
2024-09-05T20:33:07.405428,spamhaus.org,[],[],[],[],False,False,False
2024-09-05T20:33:07.405428,attn.tv,[],[],[],[],False,False,False
2024-09-05T20:33:07.405428,arxiv.org,[],[],[],[],False,False,False
2024-09-05T20:33:07.405428,atlassian.net,[],[],[],[],False,False,False
2024-09-05T20:33:07.405428,apigee.net,[],[],[],[],False,False,False
2024-09-05T20:33:07.405428,kohls.com,[],[],[],[],False,False,False
2024-09-05T20:33:07.405428,discogs.com,[],[],[],[],False,False,False
2024-09-05T20:33:07.405428,sonobi.com,[],[],[],[],False,False,False
2024-09-05T20:33:07.405428,otto.de,[],[],[],[],False,False,False
2024-09-05T20:33:07.405428,mncdn.com,[],[],[],[],False,False,False
2024-09-05T20:33:07.405428,realtor.com,[],[],[],[],False,False,False
2024-09-05T20:33:07.405428,economist.com,[],[],[],[],False,False,False
2024-09-05T20:33:07.405428,xbox.com,[],[],[],[],False,False,False
2024-09-05T20:33:07.405428,tokopedia.com,[],[],[],[],False,False,False
2024-09-05T20:33:07.405428,chartbeat.net,[],[],[],[],False,False,False
2024-09-05T20:33:07.405428,mirtesen.ru,[],[],[],[],False,False,False
2024-09-05T20:33:07.405428,firebaseio.com,[],[],[],[],False,False,False
2024-09-05T20:33:07.405428,lowes.com,[],[],[],[],False,False,False
2024-09-05T20:33:07.405428,mdpi.com,[],[],[],[],False,False,False
2024-09-05T20:33:07.405428,columbia.edu,[],[],[],[],False,False,False
2024-09-05T20:33:07.405428,repubblica.it,[],[],[],[],False,False,False
2024-09-05T20:33:07.405428,msecnd.net,[],[],[],[],False,False,False
2024-09-05T20:33:07.405428,mob.com,[],[],[],[],False,False,False
2024-09-05T20:33:07.405428,amazon.com.br,[],[],[],[],False,False,False
2024-09-05T20:33:07.405428,usnews.com,[],[],[],[],False,False,False
2024-09-05T20:33:07.405428,hm.com,[],[],[],[],False,False,False
2024-09-05T20:33:07.405428,awswaf.com,[],[],[],[],False,False,False
2024-09-05T20:33:07.405428,dnsv1.com,[],[],[],[],False,False,False
2024-09-05T20:33:07.405428,business.site,[],[],[],[],False,False,False
2024-09-05T20:33:07.405428,smartthings.com,[],[],[],[],False,False,False
2024-09-05T20:33:07.405428,btloader.com,[],[],[],[],False,False,False
2024-09-05T20:33:07.405428,alphonso.tv,[],[],[],[],False,False,False
2024-09-05T20:33:07.405428,me.com,[],[],[],[],False,False,False
2024-09-05T20:33:07.405428,adobedc.net,[],[],[],[],False,False,False
2024-09-05T20:33:07.405428,exelator.com,[],[],[],[],False,False,False
2024-09-05T20:33:07.405428,fb.me,[],[],[],[],False,False,False
2024-09-05T20:33:07.405428,rspamd.com,[],[],[],[],False,False,False
2024-09-05T20:33:07.405428,jimdo.com,[],[],[],[],False,False,False
2024-09-05T20:33:07.405428,substack.com,[],[],[],[],False,False,False
2024-09-05T20:33:07.405428,pikabu.ru,[],[],[],[],False,False,False
2024-09-05T20:33:07.405428,character.ai,[],[],[],[],False,False,False
2024-09-05T20:33:07.405428,moe.video,[],[],[],[],False,False,False
2024-09-05T20:33:07.405428,adnxs.net,[],[],[],[],False,False,False
2024-09-05T20:33:07.405428,adgrx.com,[],[],[],[],False,False,False
2024-09-05T20:33:07.405428,samsungcloudsolution.net,[],[],[],[],False,False,False
2024-09-05T20:33:07.405428,utorrent.com,[],[],[],[],False,False,False
2024-09-05T20:33:07.405428,onet.pl,[],[],[],[],False,False,False
2024-09-05T20:33:07.405428,corriere.it,[],[],[],[],False,False,False
2024-09-05T20:33:07.405428,immedia-semi.com,[],[],[],[],False,False,False
2024-09-05T20:33:07.405428,dan.com,[],[],[],[],False,False,False
2024-09-05T20:33:07.405428,redfin.com,[],[],[],[],False,False,False
2024-09-05T20:33:07.405428,apple.news,[],[],[],[],False,False,False
2024-09-05T20:33:07.405428,umich.edu,[],[],[],[],False,False,False
2024-09-05T20:33:07.405428,elmundo.es,[],[],[],[],False,False,False
2024-09-05T20:33:07.405428,redd.it,[],[],[],[],False,False,False
2024-09-05T20:33:07.405428,2gis.com,[],[],[],[],False,False,False
2024-09-05T20:33:07.405428,innovid.com,[],[],[],[],False,False,False
2024-09-05T20:33:07.405428,ancestry.com,[],[],[],[],False,False,False
2024-09-05T20:33:07.405428,spotifycdn.com,[],[],[],[],False,False,False
2024-09-05T20:33:07.405428,mercadolibre.com.ar,[],[],[],[],False,False,False
2024-09-05T20:33:07.405428,aiv-delivery.net,[],[],[],[],False,False,False
2024-09-05T20:33:07.405428,tbcache.com,[],[],[],[],False,False,False
2024-09-05T20:33:07.405428,hilton.com,[],[],[],[],False,False,False
2024-09-05T20:33:07.405428,skroutz.gr,[],[],[],[],False,False,False
2024-09-05T20:33:07.405428,adroll.com,[],[],[],[],False,False,False
2024-09-05T20:33:07.405428,mercadolivre.com.br,[],[],[],[],False,False,False
2024-09-05T20:33:07.405428,gihc.net,[],[],[],[],False,False,False
2024-09-05T20:33:07.405428,tinkoff.ru,[],[],[],[],False,False,False
2024-09-05T20:33:07.405428,cbc.ca,[],[],[],[],False,False,False
2024-09-05T20:33:07.405428,ubnt.com,[],[],[],[],False,False,False
2024-09-05T20:33:07.405428,studocu.com,[],[],[],[],False,False,False
2024-09-05T20:33:07.405428,umeng.com,[],[],[],[],False,False,False
2024-09-05T20:33:07.405428,ip-api.com,[],[],[],[],False,False,False
2024-09-05T20:33:07.405428,vmware.com,[],[],[],[],False,False,False
2024-09-05T20:33:07.405428,chess.com,[],[],[],[],False,False,False
2024-09-05T20:33:07.405428,qwest.net,[],[],[],[],False,False,False
2024-09-05T20:33:07.405428,dribbble.com,[],[],[],[],False,False,False
2024-09-05T20:33:07.405428,sharethis.com,[],[],[],[],False,False,False
2024-09-05T20:33:07.405428,nintendo.net,[],[],[],[],False,False,False
2024-09-05T20:33:07.405428,ryanair.com,[],[],[],[],False,False,False
2024-09-05T20:33:07.405428,weforum.org,[],[],[],[],False,False,False
2024-09-05T20:33:07.405428,supersonicads.com,[],[],[],[],False,False,False
2024-09-05T20:33:07.405428,ttoverseaus.net,[],[],[],[],False,False,False
2024-09-05T20:33:07.405428,youronlinechoices.com,[],[],[],[],False,False,False
2024-09-05T20:33:07.405428,wikihow.com,[],[],[],[],False,False,False
2024-09-05T20:33:07.405428,theconversation.com,[],[],[],[],False,False,False
2024-09-05T20:33:07.405428,ebay.de,[],[],[],[],False,False,False
2024-09-05T20:33:07.405428,openstreetmap.org,[],[],[],[],False,False,False
2024-09-05T20:33:07.405428,pexels.com,[],[],[],[],False,False,False
2024-09-05T20:33:07.405428,quizlet.com,[],[],[],[],False,False,False
2024-09-05T20:33:07.405428,creditkarma.com,[],[],[],[],False,False,False
2024-09-05T20:33:07.405428,businesswire.com,[],[],[],[],False,False,False
2024-09-05T20:33:07.405428,hotmail.com,[],[],[],[],False,False,False
2024-09-05T20:33:07.405428,mobile.de,[],[],[],[],False,False,False
2024-09-05T20:33:07.405428,agoda.com,[],[],[],[],False,False,False
2024-09-05T20:33:07.405428,eporner.com,[],[],[],[],False,False,False
2024-09-05T20:33:07.405428,withgoogle.com,[],[],[],[],False,False,False
2024-09-05T20:33:07.405428,onesignal.com,[],[],[],[],False,False,False
2024-09-05T20:33:07.405428,pixiv.net,[],[],[],[],False,False,False
2024-09-05T20:33:07.405428,trellix.com,[],[],[],[],False,False,False
2024-09-05T20:33:07.405428,caixa.gov.br,[],[],[],[],False,False,False
2024-09-05T20:33:07.405428,interia.pl,[],[],[],[],False,False,False
2024-09-05T20:33:07.405428,bytefcdn.com,[],[],[],[],False,False,False
2024-09-05T20:33:07.405428,msftauth.net,[],[],[],[],False,False,False
2024-09-05T20:33:07.405428,macys.com,[],[],[],[],False,False,False
2024-09-05T20:33:07.405428,francetvinfo.fr,[],[],[],[],False,False,False
2024-09-05T20:33:07.405428,www.gov.br,[],[],[],[],False,False,False
2024-09-05T20:33:07.405428,ovh.net,[],[],[],[],False,False,False
2024-09-05T20:33:07.405428,spankbang.com,[],[],[],[],False,False,False
