timestamp,domain,china_result_ipv4,china_result_ipv6,global_result_ipv4,global_result_ipv6,is_poisoned,is_poisoned_ipv4,is_poisoned_ipv6
2024-09-05T15:43:09.577834,google.com,[],[],[],[],False,False,False
2024-09-05T15:43:09.577834,microsoft.com,[],[],[],[],False,False,False
2024-09-05T15:43:09.577834,amazonaws.com,[],[],[],[],False,False,False
2024-09-05T15:43:09.577834,facebook.com,[],[],[],[],False,False,False
2024-09-05T15:43:09.577834,a-msedge.net,[],[],[],[],False,False,False
2024-09-05T15:43:09.577834,akamai.net,[],[],[],[],False,False,False
2024-09-05T15:43:09.577834,googleapis.com,[],[],[],[],False,False,False
2024-09-05T15:43:09.577834,apple.com,[],[],[],[],False,False,False
2024-09-05T15:43:09.577834,youtube.com,[],[],[],[],False,False,False
2024-09-05T15:43:09.577834,root-servers.net,[],[],[],[],False,False,False
2024-09-05T15:43:09.577834,azure.com,[],[],[],[],False,False,False
2024-09-05T15:43:09.577834,akamaiedge.net,[],[],[],[],False,False,False
2024-09-05T15:43:09.577834,twitter.com,[],[],[],[],False,False,False
2024-09-05T15:43:09.577834,cloudflare.com,[],[],[],[],False,False,False
2024-09-05T15:43:09.577834,instagram.com,[],[],[],[],False,False,False
2024-09-05T15:43:09.577834,office.com,[],[],[],[],False,False,False
2024-09-05T15:43:09.577834,gstatic.com,[],[],[],[],False,False,False
2024-09-05T15:43:09.577834,linkedin.com,[],[],[],[],False,False,False
2024-09-05T15:43:09.577834,tiktokcdn.com,[],[],[],[],False,False,False
2024-09-05T15:43:09.577834,live.com,[],[],[],[],False,False,False
2024-09-05T15:43:09.577834,googlevideo.com,[],[],[],[],False,False,False
2024-09-05T15:43:09.577834,googletagmanager.com,[],[],[],[],False,False,False
2024-09-05T15:43:09.577834,windowsupdate.com,[],[],[],[],False,False,False
2024-09-05T15:43:09.577834,akadns.net,[],[],[],[],False,False,False
2024-09-05T15:43:09.577834,gtld-servers.net,[],[],[],[],False,False,False
2024-09-05T15:43:09.577834,fbcdn.net,[],[],[],[],False,False,False
2024-09-05T15:43:09.577834,microsoftonline.com,[],[],[],[],False,False,False
2024-09-05T15:43:09.577834,amazon.com,[],[],[],[],False,False,False
2024-09-05T15:43:09.577834,wikipedia.org,[],[],[],[],False,False,False
2024-09-05T15:43:09.577834,domaincontrol.com,[],[],[],[],False,False,False
2024-09-05T15:43:09.577834,doubleclick.net,[],[],[],[],False,False,False
2024-09-05T15:43:09.577834,trafficmanager.net,[],[],[],[],False,False,False
2024-09-05T15:43:09.577834,bing.com,[],[],[],[],False,False,False
2024-09-05T15:43:09.577834,googleusercontent.com,[],[],[],[],False,False,False
2024-09-05T15:43:09.577834,office.net,[],[],[],[],False,False,False
2024-09-05T15:43:09.577834,fastly.net,[],[],[],[],False,False,False
2024-09-05T15:43:09.577834,apple-dns.net,[],[],[],[],False,False,False
2024-09-05T15:43:09.577834,l-msedge.net,[],[],[],[],False,False,False
2024-09-05T15:43:09.577834,wordpress.org,[],[],[],[],False,False,False
2024-09-05T15:43:09.577834,googlesyndication.com,[],[],[],[],False,False,False
2024-09-05T15:43:09.577834,sharepoint.com,[],[],[],[],False,False,False
2024-09-05T15:43:09.577834,icloud.com,[],[],[],[],False,False,False
2024-09-05T15:43:09.577834,youtu.be,[],[],[],[],False,False,False
2024-09-05T15:43:09.577834,github.com,[],[],[],[],False,False,False
2024-09-05T15:43:09.577834,netflix.com,[],[],[],[],False,False,False
2024-09-05T15:43:09.577834,t-msedge.net,[],[],[],[],False,False,False
2024-09-05T15:43:09.577834,pinterest.com,[],[],[],[],False,False,False
2024-09-05T15:43:09.577834,aaplimg.com,[],[],[],[],False,False,False
2024-09-05T15:43:09.577834,whatsapp.net,[],[],[],[],False,False,False
2024-09-05T15:43:09.577834,yahoo.com,[],[],[],[],False,False,False
2024-09-05T15:43:09.577834,mail.ru,[],[],[],[],False,False,False
2024-09-05T15:43:09.577834,digicert.com,[],[],[],[],False,False,False
2024-09-05T15:43:09.577834,adobe.com,[],[],[],[],False,False,False
2024-09-05T15:43:09.577834,s-msedge.net,[],[],[],[],False,False,False
2024-09-05T15:43:09.577834,appsflyersdk.com,[],[],[],[],False,False,False
2024-09-05T15:43:09.577834,goo.gl,[],[],[],[],False,False,False
2024-09-05T15:43:09.577834,windows.net,[],[],[],[],False,False,False
2024-09-05T15:43:09.577834,cloudfront.net,[],[],[],[],False,False,False
2024-09-05T15:43:09.577834,skype.com,[],[],[],[],False,False,False
2024-09-05T15:43:09.577834,gvt2.com,[],[],[],[],False,False,False
2024-09-05T15:43:09.577834,com.plus,[],[],[],[],False,False,False
2024-09-05T15:43:09.577834,vimeo.com,[],[],[],[],False,False,False
2024-09-05T15:43:09.577834,spotify.com,[],[],[],[],False,False,False
2024-09-05T15:43:09.577834,tiktokv.com,[],[],[],[],False,False,False
2024-09-05T15:43:09.577834,msn.com,[],[],[],[],False,False,False
2024-09-05T15:43:09.577834,cdn77.org,[],[],[],[],False,False,False
2024-09-05T15:43:09.577834,yandex.net,[],[],[],[],False,False,False
2024-09-05T15:43:09.577834,gandi.net,[],[],[],[],False,False,False
2024-09-05T15:43:09.577834,gvt1.com,[],[],[],[],False,False,False
2024-09-05T15:43:09.577834,e2ro.com,[],[],[],[],False,False,False
2024-09-05T15:43:09.577834,whatsapp.com,[],[],[],[],False,False,False
2024-09-05T15:43:09.577834,office365.com,[],[],[],[],False,False,False
2024-09-05T15:43:09.577834,bit.ly,[],[],[],[],False,False,False
2024-09-05T15:43:09.577834,wordpress.com,[],[],[],[],False,False,False
2024-09-05T15:43:09.577834,zoom.us,[],[],[],[],False,False,False
2024-09-05T15:43:09.577834,google-analytics.com,[],[],[],[],False,False,False
2024-09-05T15:43:09.577834,googledomains.com,[],[],[],[],False,False,False
2024-09-05T15:43:09.577834,roblox.com,[],[],[],[],False,False,False
2024-09-05T15:43:09.577834,wac-msedge.net,[],[],[],[],False,False,False
2024-09-05T15:43:09.577834,ntp.org,[],[],[],[],False,False,False
2024-09-05T15:43:09.577834,bytefcdn-oversea.com,[],[],[],[],False,False,False
2024-09-05T15:43:09.577834,cloudflare.net,[],[],[],[],False,False,False
2024-09-05T15:43:09.577834,qq.com,[],[],[],[],False,False,False
2024-09-05T15:43:09.577834,nic.ru,[],[],[],[],False,False,False
2024-09-05T15:43:09.577834,ytimg.com,[],[],[],[],False,False,False
2024-09-05T15:43:09.577834,tiktok.com,[],[],[],[],False,False,False
2024-09-05T15:43:09.577834,edgekey.net,[],[],[],[],False,False,False
2024-09-05T15:43:09.577834,blogspot.com,[],[],[],[],False,False,False
2024-09-05T15:43:09.577834,mozilla.org,[],[],[],[],False,False,False
2024-09-05T15:43:09.577834,opera.com,[],[],[],[],False,False,False
2024-09-05T15:43:09.577834,lencr.org,[],[],[],[],False,False,False
2024-09-05T15:43:09.577834,reddit.com,[],[],[],[],False,False,False
2024-09-05T15:43:09.577834,unity3d.com,[],[],[],[],False,False,False
2024-09-05T15:43:09.577834,cloudflare-dns.com,[],[],[],[],False,False,False
2024-09-05T15:43:09.577834,googleadservices.com,[],[],[],[],False,False,False
2024-09-05T15:43:09.577834,baidu.com,[],[],[],[],False,False,False
2024-09-05T15:43:09.577834,cdninstagram.com,[],[],[],[],False,False,False
2024-09-05T15:43:09.577834,snapchat.com,[],[],[],[],False,False,False
2024-09-05T15:43:09.577834,trbcdn.net,[],[],[],[],False,False,False
2024-09-05T15:43:09.577834,intuit.com,[],[],[],[],False,False,False
2024-09-05T15:43:09.577834,europa.eu,[],[],[],[],False,False,False
2024-09-05T15:43:09.577834,mts.ru,[],[],[],[],False,False,False
2024-09-05T15:43:09.577834,amazon-adsystem.com,[],[],[],[],False,False,False
2024-09-05T15:43:09.577834,samsung.com,[],[],[],[],False,False,False
2024-09-05T15:43:09.577834,outlook.com,[],[],[],[],False,False,False
2024-09-05T15:43:09.577834,t.me,[],[],[],[],False,False,False
2024-09-05T15:43:09.577834,macromedia.com,[],[],[],[],False,False,False
2024-09-05T15:43:09.577834,comcast.net,[],[],[],[],False,False,False
2024-09-05T15:43:09.577834,a2z.com,[],[],[],[],False,False,False
2024-09-05T15:43:09.577834,x.com,[],[],[],[],False,False,False
2024-09-05T15:43:09.577834,nih.gov,[],[],[],[],False,False,False
2024-09-05T15:43:09.577834,tumblr.com,[],[],[],[],False,False,False
2024-09-05T15:43:09.577834,dropbox.com,[],[],[],[],False,False,False
2024-09-05T15:43:09.577834,msedge.net,[],[],[],[],False,False,False
2024-09-05T15:43:09.577834,wa.me,[],[],[],[],False,False,False
2024-09-05T15:43:09.577834,app-analytics-services.com,[],[],[],[],False,False,False
2024-09-05T15:43:09.577834,rbxcdn.com,[],[],[],[],False,False,False
2024-09-05T15:43:09.577834,rocket-cdn.com,[],[],[],[],False,False,False
2024-09-05T15:43:09.577834,app-measurement.com,[],[],[],[],False,False,False
2024-09-05T15:43:09.577834,gravatar.com,[],[],[],[],False,False,False
2024-09-05T15:43:09.577834,vk.com,[],[],[],[],False,False,False
2024-09-05T15:43:09.577834,github.io,[],[],[],[],False,False,False
2024-09-05T15:43:09.577834,sentry.io,[],[],[],[],False,False,False
2024-09-05T15:43:09.577834,registrar-servers.com,[],[],[],[],False,False,False
2024-09-05T15:43:09.577834,bytefcdn-ttpeu.com,[],[],[],[],False,False,False
2024-09-05T15:43:09.577834,windows.com,[],[],[],[],False,False,False
2024-09-05T15:43:09.577834,webex.com,[],[],[],[],False,False,False
2024-09-05T15:43:09.577834,ui.com,[],[],[],[],False,False,False
2024-09-05T15:43:09.577834,userapi.com,[],[],[],[],False,False,False
2024-09-05T15:43:09.577834,nytimes.com,[],[],[],[],False,False,False
2024-09-05T15:43:09.577834,aiv-cdn.net,[],[],[],[],False,False,False
2024-09-05T15:43:09.577834,b-msedge.net,[],[],[],[],False,False,False
2024-09-05T15:43:09.577834,dns.google,[],[],[],[],False,False,False
2024-09-05T15:43:09.577834,yandex.ru,[],[],[],[],False,False,False
2024-09-05T15:43:09.577834,msftncsi.com,[],[],[],[],False,False,False
2024-09-05T15:43:09.577834,edgesuite.net,[],[],[],[],False,False,False
2024-09-05T15:43:09.577834,xiaomi.com,[],[],[],[],False,False,False
2024-09-05T15:43:09.577834,one.one,[],[],[],[],False,False,False
2024-09-05T15:43:09.577834,forms.gle,[],[],[],[],False,False,False
2024-09-05T15:43:09.577834,ggpht.com,[],[],[],[],False,False,False
2024-09-05T15:43:09.577834,archive.org,[],[],[],[],False,False,False
2024-09-05T15:43:09.577834,ttlivecdn.com,[],[],[],[],False,False,False
2024-09-05T15:43:09.577834,nist.gov,[],[],[],[],False,False,False
2024-09-05T15:43:09.577834,flickr.com,[],[],[],[],False,False,False
2024-09-05T15:43:09.577834,apache.org,[],[],[],[],False,False,False
2024-09-05T15:43:09.577834,applovin.com,[],[],[],[],False,False,False
2024-09-05T15:43:09.577834,paypal.com,[],[],[],[],False,False,False
2024-09-05T15:43:09.577834,medium.com,[],[],[],[],False,False,False
2024-09-05T15:43:09.577834,spo-msedge.net,[],[],[],[],False,False,False
2024-09-05T15:43:09.577834,adnxs.com,[],[],[],[],False,False,False
2024-09-05T15:43:09.577834,meraki.com,[],[],[],[],False,False,False
2024-09-05T15:43:09.577834,epicgames.com,[],[],[],[],False,False,False
2024-09-05T15:43:09.577834,criteo.com,[],[],[],[],False,False,False
2024-09-05T15:43:09.577834,dnsowl.com,[],[],[],[],False,False,False
2024-09-05T15:43:09.577834,health.mil,[],[],[],[],False,False,False
2024-09-05T15:43:09.577834,dual-s-msedge.net,[],[],[],[],False,False,False
2024-09-05T15:43:09.577834,forbes.com,[],[],[],[],False,False,False
2024-09-05T15:43:09.577834,soundcloud.com,[],[],[],[],False,False,False
2024-09-05T15:43:09.577834,qlivecdn.com,[],[],[],[],False,False,False
2024-09-05T15:43:09.577834,o365filtering.com,[],[],[],[],False,False,False
2024-09-05T15:43:09.577834,miit.gov.cn,[],[],[],[],False,False,False
2024-09-05T15:43:09.577834,omtrdc.net,[],[],[],[],False,False,False
2024-09-05T15:43:09.577834,cnn.com,[],[],[],[],False,False,False
2024-09-05T15:43:09.577834,mangosip.ru,[],[],[],[],False,False,False
2024-09-05T15:43:09.577834,telecid.ru,[],[],[],[],False,False,False
2024-09-05T15:43:09.577834,t.co,[],[],[],[],False,False,False
2024-09-05T15:43:09.577834,casalemedia.com,[],[],[],[],False,False,False
2024-09-05T15:43:09.577834,aliyuncs.com,[],[],[],[],False,False,False
2024-09-05T15:43:09.577834,myfritz.net,[],[],[],[],False,False,False
2024-09-05T15:43:09.577834,pki.goog,[],[],[],[],False,False,False
2024-09-05T15:43:09.577834,miui.com,[],[],[],[],False,False,False
2024-09-05T15:43:09.577834,wsdvs.com,[],[],[],[],False,False,False
2024-09-05T15:43:09.577834,amazon.dev,[],[],[],[],False,False,False
2024-09-05T15:43:09.577834,azurewebsites.net,[],[],[],[],False,False,False
2024-09-05T15:43:09.577834,theguardian.com,[],[],[],[],False,False,False
2024-09-05T15:43:09.577834,android.com,[],[],[],[],False,False,False
2024-09-05T15:43:09.577834,w3.org,[],[],[],[],False,False,False
2024-09-05T15:43:09.577834,taboola.com,[],[],[],[],False,False,False
2024-09-05T15:43:09.577834,cdn-apple.com,[],[],[],[],False,False,False
2024-09-05T15:43:09.577834,gmail.com,[],[],[],[],False,False,False
2024-09-05T15:43:09.577834,tiktokcdn-us.com,[],[],[],[],False,False,False
2024-09-05T15:43:09.577834,2mdn.net,[],[],[],[],False,False,False
2024-09-05T15:43:09.577834,nginx.org,[],[],[],[],False,False,False
2024-09-05T15:43:09.577834,akamaized.net,[],[],[],[],False,False,False
2024-09-05T15:43:09.577834,adobe.io,[],[],[],[],False,False,False
2024-09-05T15:43:09.577834,kaspersky.com,[],[],[],[],False,False,False
2024-09-05T15:43:09.577834,nflxso.net,[],[],[],[],False,False,False
2024-09-05T15:43:09.577834,demdex.net,[],[],[],[],False,False,False
2024-09-05T15:43:09.577834,wildberries.ru,[],[],[],[],False,False,False
2024-09-05T15:43:09.577834,shifen.com,[],[],[],[],False,False,False
2024-09-05T15:43:09.577834,ebay.com,[],[],[],[],False,False,False
2024-09-05T15:43:09.577834,bbc.co.uk,[],[],[],[],False,False,False
2024-09-05T15:43:09.577834,vtwenty.com,[],[],[],[],False,False,False
2024-09-05T15:43:09.577834,akamaihd.net,[],[],[],[],False,False,False
2024-09-05T15:43:09.577834,doubleverify.com,[],[],[],[],False,False,False
2024-09-05T15:43:09.577834,creativecommons.org,[],[],[],[],False,False,False
2024-09-05T15:43:09.577834,bbc.com,[],[],[],[],False,False,False
2024-09-05T15:43:09.577834,nginx.com,[],[],[],[],False,False,False
2024-09-05T15:43:09.577834,3gppnetwork.org,[],[],[],[],False,False,False
2024-09-05T15:43:09.577834,twitch.tv,[],[],[],[],False,False,False
2024-09-05T15:43:09.577834,roku.com,[],[],[],[],False,False,False
2024-09-05T15:43:09.577834,cisco.com,[],[],[],[],False,False,False
2024-09-05T15:43:09.577834,imdb.com,[],[],[],[],False,False,False
2024-09-05T15:43:09.577834,sourceforge.net,[],[],[],[],False,False,False
2024-09-05T15:43:09.577834,amazonvideo.com,[],[],[],[],False,False,False
2024-09-05T15:43:09.577834,mit.edu,[],[],[],[],False,False,False
2024-09-05T15:43:09.577834,adriver.ru,[],[],[],[],False,False,False
2024-09-05T15:43:09.577834,salesforce.com,[],[],[],[],False,False,False
2024-09-05T15:43:09.577834,msftconnecttest.com,[],[],[],[],False,False,False
2024-09-05T15:43:09.577834,jomodns.com,[],[],[],[],False,False,False
2024-09-05T15:43:09.577834,ozon.ru,[],[],[],[],False,False,False
2024-09-05T15:43:09.577834,sciencedirect.com,[],[],[],[],False,False,False
2024-09-05T15:43:09.577834,taobao.com,[],[],[],[],False,False,False
2024-09-05T15:43:09.577834,shopify.com,[],[],[],[],False,False,False
2024-09-05T15:43:09.577834,t-mobile.com,[],[],[],[],False,False,False
2024-09-05T15:43:09.577834,ubuntu.com,[],[],[],[],False,False,False
2024-09-05T15:43:09.577834,mzstatic.com,[],[],[],[],False,False,False
2024-09-05T15:43:09.577834,researchgate.net,[],[],[],[],False,False,False
2024-09-05T15:43:09.577834,online.net,[],[],[],[],False,False,False
2024-09-05T15:43:09.577834,edgecdn.ru,[],[],[],[],False,False,False
2024-09-05T15:43:09.577834,b-cdn.net,[],[],[],[],False,False,False
2024-09-05T15:43:09.577834,scorecardresearch.com,[],[],[],[],False,False,False
2024-09-05T15:43:09.577834,crashlytics.com,[],[],[],[],False,False,False
2024-09-05T15:43:09.577834,ivi.ru,[],[],[],[],False,False,False
2024-09-05T15:43:09.577834,cmediahub.ru,[],[],[],[],False,False,False
2024-09-05T15:43:09.577834,reg.ru,[],[],[],[],False,False,False
2024-09-05T15:43:09.577834,ring.com,[],[],[],[],False,False,False
2024-09-05T15:43:09.577834,who.int,[],[],[],[],False,False,False
2024-09-05T15:43:09.577834,washingtonpost.com,[],[],[],[],False,False,False
2024-09-05T15:43:09.577834,youtube-nocookie.com,[],[],[],[],False,False,False
2024-09-05T15:43:09.577834,smartadserver.com,[],[],[],[],False,False,False
2024-09-05T15:43:09.577834,stripe.com,[],[],[],[],False,False,False
2024-09-05T15:43:09.577834,hubspot.com,[],[],[],[],False,False,False
2024-09-05T15:43:09.577834,ampproject.org,[],[],[],[],False,False,False
2024-09-05T15:43:09.577834,hp.com,[],[],[],[],False,False,False
2024-09-05T15:43:09.577834,arubanetworks.com,[],[],[],[],False,False,False
2024-09-05T15:43:09.577834,ax-msedge.net,[],[],[],[],False,False,False
2024-09-05T15:43:09.577834,atomile.com,[],[],[],[],False,False,False
2024-09-05T15:43:09.577834,azureedge.net,[],[],[],[],False,False,False
2024-09-05T15:43:09.577834,googleblog.com,[],[],[],[],False,False,False
2024-09-05T15:43:09.577834,booking.com,[],[],[],[],False,False,False
2024-09-05T15:43:09.577834,nr-data.net,[],[],[],[],False,False,False
2024-09-05T15:43:09.577834,facebook.net,[],[],[],[],False,False,False
2024-09-05T15:43:09.577834,cdn20.com,[],[],[],[],False,False,False
2024-09-05T15:43:09.577834,wixsite.com,[],[],[],[],False,False,False
2024-09-05T15:43:09.577834,rubiconproject.com,[],[],[],[],False,False,False
2024-09-05T15:43:09.577834,launchdarkly.com,[],[],[],[],False,False,False
2024-09-05T15:43:09.577834,slack.com,[],[],[],[],False,False,False
2024-09-05T15:43:09.577834,salesforceliveagent.com,[],[],[],[],False,False,False
2024-09-05T15:43:09.577834,wikimedia.org,[],[],[],[],False,False,False
2024-09-05T15:43:09.577834,dzeninfra.ru,[],[],[],[],False,False,False
2024-09-05T15:43:09.577834,doi.org,[],[],[],[],False,False,False
2024-09-05T15:43:09.577834,linktr.ee,[],[],[],[],False,False,False
2024-09-05T15:43:09.577834,byteoversea.net,[],[],[],[],False,False,False
2024-09-05T15:43:09.577834,elisa.fi,[],[],[],[],False,False,False
2024-09-05T15:43:09.577834,hichina.com,[],[],[],[],False,False,False
2024-09-05T15:43:09.577834,issuu.com,[],[],[],[],False,False,False
2024-09-05T15:43:09.577834,cedexis.net,[],[],[],[],False,False,False
2024-09-05T15:43:09.577834,canva.com,[],[],[],[],False,False,False
2024-09-05T15:43:09.577834,tinyurl.com,[],[],[],[],False,False,False
2024-09-05T15:43:09.577834,mtgglobals.com,[],[],[],[],False,False,False
2024-09-05T15:43:09.577834,openx.net,[],[],[],[],False,False,False
2024-09-05T15:43:09.577834,appsflyer.com,[],[],[],[],False,False,False
2024-09-05T15:43:09.577834,sharethrough.com,[],[],[],[],False,False,False
2024-09-05T15:43:09.577834,oracle.com,[],[],[],[],False,False,False
2024-09-05T15:43:09.577834,harvard.edu,[],[],[],[],False,False,False
2024-09-05T15:43:09.577834,example.com,[],[],[],[],False,False,False
2024-09-05T15:43:09.577834,cdc.gov,[],[],[],[],False,False,False
2024-09-05T15:43:09.577834,alicdn.com,[],[],[],[],False,False,False
2024-09-05T15:43:09.577834,weebly.com,[],[],[],[],False,False,False
2024-09-05T15:43:09.577834,vungle.com,[],[],[],[],False,False,False
2024-09-05T15:43:09.577834,discord.com,[],[],[],[],False,False,False
2024-09-05T15:43:09.577834,synology.com,[],[],[],[],False,False,False
2024-09-05T15:43:09.577834,name-services.com,[],[],[],[],False,False,False
2024-09-05T15:43:09.577834,reuters.com,[],[],[],[],False,False,False
2024-09-05T15:43:09.577834,3lift.com,[],[],[],[],False,False,False
2024-09-05T15:43:09.577834,opendns.com,[],[],[],[],False,False,False
2024-09-05T15:43:09.577834,t-online.de,[],[],[],[],False,False,False
2024-09-05T15:43:09.577834,cdngslb.com,[],[],[],[],False,False,False
2024-09-05T15:43:09.577834,adsrvr.org,[],[],[],[],False,False,False
2024-09-05T15:43:09.577834,dns-parking.com,[],[],[],[],False,False,False
2024-09-05T15:43:09.577834,google.com.br,[],[],[],[],False,False,False
2024-09-05T15:43:09.577834,dailymail.co.uk,[],[],[],[],False,False,False
2024-09-05T15:43:09.577834,www.gov.uk,[],[],[],[],False,False,False
2024-09-05T15:43:09.577834,rlcdn.com,[],[],[],[],False,False,False
2024-09-05T15:43:09.577834,weibo.com,[],[],[],[],False,False,False
2024-09-05T15:43:09.577834,godaddy.com,[],[],[],[],False,False,False
2024-09-05T15:43:09.577834,amazon.co.uk,[],[],[],[],False,False,False
2024-09-05T15:43:09.577834,wiley.com,[],[],[],[],False,False,False
2024-09-05T15:43:09.577834,avast.com,[],[],[],[],False,False,False
2024-09-05T15:43:09.577834,slideshare.net,[],[],[],[],False,False,False
2024-09-05T15:43:09.577834,drom.ru,[],[],[],[],False,False,False
2024-09-05T15:43:09.577834,ttdns2.com,[],[],[],[],False,False,False
2024-09-05T15:43:09.577834,pubmatic.com,[],[],[],[],False,False,False
2024-09-05T15:43:09.577834,media.net,[],[],[],[],False,False,False
2024-09-05T15:43:09.577834,go.com,[],[],[],[],False,False,False
2024-09-05T15:43:09.577834,netangels.ru,[],[],[],[],False,False,False
2024-09-05T15:43:09.577834,wbx2.com,[],[],[],[],False,False,False
2024-09-05T15:43:09.577834,samsungqbe.com,[],[],[],[],False,False,False
2024-09-05T15:43:09.577834,tiktokv.us,[],[],[],[],False,False,False
2024-09-05T15:43:09.577834,steampowered.com,[],[],[],[],False,False,False
2024-09-05T15:43:09.577834,nease.net,[],[],[],[],False,False,False
2024-09-05T15:43:09.577834,bloomberg.com,[],[],[],[],False,False,False
2024-09-05T15:43:09.577834,alibabadns.com,[],[],[],[],False,False,False
2024-09-05T15:43:09.577834,googletagservices.com,[],[],[],[],False,False,False
2024-09-05T15:43:09.577834,telegraph.co.uk,[],[],[],[],False,False,False
2024-09-05T15:43:09.577834,bidswitch.net,[],[],[],[],False,False,False
2024-09-05T15:43:09.577834,nature.com,[],[],[],[],False,False,False
2024-09-05T15:43:09.577834,media-amazon.com,[],[],[],[],False,False,False
2024-09-05T15:43:09.577834,appcenter.ms,[],[],[],[],False,False,False
2024-09-05T15:43:09.577834,samsungcloud.com,[],[],[],[],False,False,False
2024-09-05T15:43:09.577834,ibm.com,[],[],[],[],False,False,False
2024-09-05T15:43:09.577834,etsy.com,[],[],[],[],False,False,False
2024-09-05T15:43:09.577834,openai.com,[],[],[],[],False,False,False
2024-09-05T15:43:09.577834,dnsmadeeasy.com,[],[],[],[],False,False,False
2024-09-05T15:43:09.577834,wsj.com,[],[],[],[],False,False,False
2024-09-05T15:43:09.577834,playstation.net,[],[],[],[],False,False,False
2024-09-05T15:43:09.577834,criteo.net,[],[],[],[],False,False,False
2024-09-05T15:43:09.577834,jsdelivr.net,[],[],[],[],False,False,False
2024-09-05T15:43:09.577834,1c.ru,[],[],[],[],False,False,False
2024-09-05T15:43:09.577834,weather.com,[],[],[],[],False,False,False
2024-09-05T15:43:09.577834,ripn.net,[],[],[],[],False,False,False
2024-09-05T15:43:09.577834,zendesk.com,[],[],[],[],False,False,False
2024-09-05T15:43:09.577834,adsafeprotected.com,[],[],[],[],False,False,False
2024-09-05T15:43:09.577834,worldfcdn2.com,[],[],[],[],False,False,False
2024-09-05T15:43:09.577834,un.org,[],[],[],[],False,False,False
2024-09-05T15:43:09.577834,twimg.com,[],[],[],[],False,False,False
2024-09-05T15:43:09.577834,espn.com,[],[],[],[],False,False,False
2024-09-05T15:43:09.577834,pangle.io,[],[],[],[],False,False,False
2024-09-05T15:43:09.577834,usatoday.com,[],[],[],[],False,False,False
2024-09-05T15:43:09.577834,dailymotion.com,[],[],[],[],False,False,False
2024-09-05T15:43:09.577834,wp.com,[],[],[],[],False,False,False
2024-09-05T15:43:09.577834,springer.com,[],[],[],[],False,False,False
2024-09-05T15:43:09.577834,my.com,[],[],[],[],False,False,False
2024-09-05T15:43:09.577834,mi.com,[],[],[],[],False,False,False
2024-09-05T15:43:09.577834,google.de,[],[],[],[],False,False,False
2024-09-05T15:43:09.577834,azurefd.net,[],[],[],[],False,False,False
2024-09-05T15:43:09.577834,quantserve.com,[],[],[],[],False,False,False
2024-09-05T15:43:09.577834,php.net,[],[],[],[],False,False,False
2024-09-05T15:43:09.577834,shalltry.com,[],[],[],[],False,False,False
2024-09-05T15:43:09.577834,notamedia.ru,[],[],[],[],False,False,False
2024-09-05T15:43:09.577834,businessinsider.com,[],[],[],[],False,False,False
2024-09-05T15:43:09.577834,samsungcloudsolution.com,[],[],[],[],False,False,False
2024-09-05T15:43:09.577834,lijit.com,[],[],[],[],False,False,False
2024-09-05T15:43:09.577834,allawnos.com,[],[],[],[],False,False,False
2024-09-05T15:43:09.577834,inmobi.com,[],[],[],[],False,False,False
2024-09-05T15:43:09.577834,discord.gg,[],[],[],[],False,False,False
2024-09-05T15:43:09.577834,pixabay.com,[],[],[],[],False,False,False
2024-09-05T15:43:09.577834,mcafee.com,[],[],[],[],False,False,False
2024-09-05T15:43:09.577834,sohu.com,[],[],[],[],False,False,False
2024-09-05T15:43:09.577834,douyincdn.com,[],[],[],[],False,False,False
2024-09-05T15:43:09.577834,indeed.com,[],[],[],[],False,False,False
2024-09-05T15:43:09.577834,nasa.gov,[],[],[],[],False,False,False
2024-09-05T15:43:09.577834,list-manage.com,[],[],[],[],False,False,False
2024-09-05T15:43:09.577834,quora.com,[],[],[],[],False,False,False
2024-09-05T15:43:09.577834,ksyuncdn.com,[],[],[],[],False,False,False
2024-09-05T15:43:09.577834,liadm.com,[],[],[],[],False,False,False
2024-09-05T15:43:09.577834,ea.com,[],[],[],[],False,False,False
2024-09-05T15:43:09.577834,f5.com,[],[],[],[],False,False,False
2024-09-05T15:43:09.577834,independent.co.uk,[],[],[],[],False,False,False
2024-09-05T15:43:09.577834,stackoverflow.com,[],[],[],[],False,False,False
2024-09-05T15:43:09.577834,eset.com,[],[],[],[],False,False,False
2024-09-05T15:43:09.577834,adform.net,[],[],[],[],False,False,False
2024-09-05T15:43:09.577834,dzen.ru,[],[],[],[],False,False,False
2024-09-05T15:43:09.577834,outbrain.com,[],[],[],[],False,False,False
2024-09-05T15:43:09.577834,stanford.edu,[],[],[],[],False,False,False
2024-09-05T15:43:09.577834,gnu.org,[],[],[],[],False,False,False
2024-09-05T15:43:09.577834,unsplash.com,[],[],[],[],False,False,False
2024-09-05T15:43:09.577834,creativecdn.com,[],[],[],[],False,False,False
2024-09-05T15:43:09.577834,clarity.ms,[],[],[],[],False,False,False
2024-09-05T15:43:09.577834,force.com,[],[],[],[],False,False,False
2024-09-05T15:43:09.577834,forter.com,[],[],[],[],False,False,False
2024-09-05T15:43:09.577834,yximgs.com,[],[],[],[],False,False,False
2024-09-05T15:43:09.577834,cnbc.com,[],[],[],[],False,False,False
2024-09-05T15:43:09.577834,sc-cdn.net,[],[],[],[],False,False,False
2024-09-05T15:43:09.577834,ibyteimg.com,[],[],[],[],False,False,False
2024-09-05T15:43:09.577834,tripadvisor.com,[],[],[],[],False,False,False
2024-09-05T15:43:09.577834,cpanel.net,[],[],[],[],False,False,False
2024-09-05T15:43:09.577834,eventbrite.com,[],[],[],[],False,False,False
2024-09-05T15:43:09.577834,inner-active.mobi,[],[],[],[],False,False,False
2024-09-05T15:43:09.577834,elasticbeanstalk.com,[],[],[],[],False,False,False
2024-09-05T15:43:09.577834,google.co.uk,[],[],[],[],False,False,False
2024-09-05T15:43:09.577834,uber.com,[],[],[],[],False,False,False
2024-09-05T15:43:09.577834,pv-cdn.net,[],[],[],[],False,False,False
2024-09-05T15:43:09.577834,sfx.ms,[],[],[],[],False,False,False
2024-09-05T15:43:09.577834,sophos.com,[],[],[],[],False,False,False
2024-09-05T15:43:09.577834,xcal.tv,[],[],[],[],False,False,False
2024-09-05T15:43:09.577834,aliexpress.com,[],[],[],[],False,False,False
2024-09-05T15:43:09.577834,giphy.com,[],[],[],[],False,False,False
2024-09-05T15:43:09.577834,npr.org,[],[],[],[],False,False,False
2024-09-05T15:43:09.577834,telekom.net,[],[],[],[],False,False,False
2024-09-05T15:43:09.577834,tp-link.com,[],[],[],[],False,False,False
2024-09-05T15:43:09.577834,mozilla.com,[],[],[],[],False,False,False
2024-09-05T15:43:09.577834,chatgpt.com,[],[],[],[],False,False,False
2024-09-05T15:43:09.577834,amazonalexa.com,[],[],[],[],False,False,False
2024-09-05T15:43:09.577834,heytapdl.com,[],[],[],[],False,False,False
2024-09-05T15:43:09.577834,globo.com,[],[],[],[],False,False,False
2024-09-05T15:43:09.577834,myshopify.com,[],[],[],[],False,False,False
2024-09-05T15:43:09.577834,yahoo.co.jp,[],[],[],[],False,False,False
2024-09-05T15:43:09.577834,xboxlive.com,[],[],[],[],False,False,False
2024-09-05T15:43:09.577834,statista.com,[],[],[],[],False,False,False
2024-09-05T15:43:09.577834,nstld.com,[],[],[],[],False,False,False
2024-09-05T15:43:09.577834,bilibili.com,[],[],[],[],False,False,False
2024-09-05T15:43:09.577834,checkpoint.com,[],[],[],[],False,False,False
2024-09-05T15:43:09.577834,goodreads.com,[],[],[],[],False,False,False
2024-09-05T15:43:09.577834,sc-gw.com,[],[],[],[],False,False,False
2024-09-05T15:43:09.577834,adobe.net,[],[],[],[],False,False,False
2024-09-05T15:43:09.577834,consultant.ru,[],[],[],[],False,False,False
2024-09-05T15:43:09.577834,vedcdnlb.com,[],[],[],[],False,False,False
2024-09-05T15:43:09.577834,g.page,[],[],[],[],False,False,False
2024-09-05T15:43:09.577834,foxnews.com,[],[],[],[],False,False,False
2024-09-05T15:43:09.577834,ok.ru,[],[],[],[],False,False,False
2024-09-05T15:43:09.577834,att.com,[],[],[],[],False,False,False
2024-09-05T15:43:09.577834,beian.gov.cn,[],[],[],[],False,False,False
2024-09-05T15:43:09.577834,amazon.de,[],[],[],[],False,False,False
2024-09-05T15:43:09.577834,cloud.microsoft,[],[],[],[],False,False,False
2024-09-05T15:43:09.577834,isnssdk.com,[],[],[],[],False,False,False
2024-09-05T15:43:09.577834,pages.dev,[],[],[],[],False,False,False
2024-09-05T15:43:09.577834,kaspersky-labs.com,[],[],[],[],False,False,False
2024-09-05T15:43:09.577834,verisign.com,[],[],[],[],False,False,False
2024-09-05T15:43:09.577834,time.com,[],[],[],[],False,False,False
2024-09-05T15:43:09.577834,addtoany.com,[],[],[],[],False,False,False
2024-09-05T15:43:09.577834,walmart.com,[],[],[],[],False,False,False
2024-09-05T15:43:09.577834,ys7.com,[],[],[],[],False,False,False
2024-09-05T15:43:09.577834,entrust.net,[],[],[],[],False,False,False
2024-09-05T15:43:09.577834,mynetname.net,[],[],[],[],False,False,False
2024-09-05T15:43:09.577834,avcdn.net,[],[],[],[],False,False,False
2024-09-05T15:43:09.577834,dell.com,[],[],[],[],False,False,False
2024-09-05T15:43:09.577834,nvidia.com,[],[],[],[],False,False,False
2024-09-05T15:43:09.577834,digitalocean.com,[],[],[],[],False,False,False
2024-09-05T15:43:09.577834,wired.com,[],[],[],[],False,False,False
2024-09-05T15:43:09.577834,teamviewer.com,[],[],[],[],False,False,False
2024-09-05T15:43:09.577834,rambler.ru,[],[],[],[],False,False,False
2024-09-05T15:43:09.577834,telegram.org,[],[],[],[],False,False,False
2024-09-05T15:43:09.577834,comfortel.pro,[],[],[],[],False,False,False
2024-09-05T15:43:09.577834,ttvnw.net,[],[],[],[],False,False,False
2024-09-05T15:43:09.577834,naver.com,[],[],[],[],False,False,False
2024-09-05T15:43:09.577834,wix.com,[],[],[],[],False,False,False
2024-09-05T15:43:09.577834,capcutapi.com,[],[],[],[],False,False,False
2024-09-05T15:43:09.577834,duckdns.org,[],[],[],[],False,False,False
2024-09-05T15:43:09.577834,tradingview.com,[],[],[],[],False,False,False
2024-09-05T15:43:09.577834,firetvcaptiveportal.com,[],[],[],[],False,False,False
2024-09-05T15:43:09.577834,static.microsoft,[],[],[],[],False,False,False
2024-09-05T15:43:09.577834,alibaba.com,[],[],[],[],False,False,False
2024-09-05T15:43:09.577834,healthline.com,[],[],[],[],False,False,False
2024-09-05T15:43:09.577834,byteoversea.com,[],[],[],[],False,False,False
2024-09-05T15:43:09.577834,hicloud.com,[],[],[],[],False,False,False
2024-09-05T15:43:09.577834,grammarly.com,[],[],[],[],False,False,False
2024-09-05T15:43:09.577834,gosuslugi.ru,[],[],[],[],False,False,False
2024-09-05T15:43:09.577834,amzn.to,[],[],[],[],False,False,False
2024-09-05T15:43:09.577834,gamepass.com,[],[],[],[],False,False,False
2024-09-05T15:43:09.577834,accuweather.com,[],[],[],[],False,False,False
2024-09-05T15:43:09.577834,delfi.lt,[],[],[],[],False,False,False
2024-09-05T15:43:09.577834,telegram.me,[],[],[],[],False,False,False
2024-09-05T15:43:09.577834,branch.io,[],[],[],[],False,False,False
2024-09-05T15:43:09.577834,online-metrix.net,[],[],[],[],False,False,False
2024-09-05T15:43:09.577834,blogger.com,[],[],[],[],False,False,False
2024-09-05T15:43:09.577834,behance.net,[],[],[],[],False,False,False
2024-09-05T15:43:09.577834,speedtest.net,[],[],[],[],False,False,False
2024-09-05T15:43:09.577834,hostgator.com,[],[],[],[],False,False,False
2024-09-05T15:43:09.577834,temu.com,[],[],[],[],False,False,False
2024-09-05T15:43:09.577834,nflximg.com,[],[],[],[],False,False,False
2024-09-05T15:43:09.577834,cnet.com,[],[],[],[],False,False,False
2024-09-05T15:43:09.577834,surveymonkey.com,[],[],[],[],False,False,False
2024-09-05T15:43:09.577834,aliyun.com,[],[],[],[],False,False,False
2024-09-05T15:43:09.577834,imcmdb.net,[],[],[],[],False,False,False
2024-09-05T15:43:09.577834,indexww.com,[],[],[],[],False,False,False
2024-09-05T15:43:09.577834,scribd.com,[],[],[],[],False,False,False
2024-09-05T15:43:09.577834,mikrotik.com,[],[],[],[],False,False,False
2024-09-05T15:43:09.577834,mayoclinic.org,[],[],[],[],False,False,False
2024-09-05T15:43:09.577834,autodesk.com,[],[],[],[],False,False,False
2024-09-05T15:43:09.577834,kwai.net,[],[],[],[],False,False,False
2024-09-05T15:43:09.577834,cloudapp.net,[],[],[],[],False,False,False
2024-09-05T15:43:09.577834,debian.org,[],[],[],[],False,False,False
2024-09-05T15:43:09.577834,launchpad.net,[],[],[],[],False,False,False
2024-09-05T15:43:09.577834,trendmicro.com,[],[],[],[],False,False,False
2024-09-05T15:43:09.577834,ft.com,[],[],[],[],False,False,False
2024-09-05T15:43:09.577834,aol.com,[],[],[],[],False,False,False
2024-09-05T15:43:09.577834,ctdns.cn,[],[],[],[],False,False,False
2024-09-05T15:43:09.577834,id5-sync.com,[],[],[],[],False,False,False
2024-09-05T15:43:09.577834,ted.com,[],[],[],[],False,False,False
2024-09-05T15:43:09.577834,ngenix.net,[],[],[],[],False,False,False
2024-09-05T15:43:09.577834,xhamster.com,[],[],[],[],False,False,False
2024-09-05T15:43:09.577834,indiatimes.com,[],[],[],[],False,False,False
2024-09-05T15:43:09.577834,chinamobile.com,[],[],[],[],False,False,False
2024-09-05T15:43:09.577834,duckduckgo.com,[],[],[],[],False,False,False
2024-09-05T15:43:09.577834,squarespace.com,[],[],[],[],False,False,False
2024-09-05T15:43:09.577834,google.com.hk,[],[],[],[],False,False,False
2024-09-05T15:43:09.577834,onlinepbx.ru,[],[],[],[],False,False,False
2024-09-05T15:43:09.577834,rzone.de,[],[],[],[],False,False,False
2024-09-05T15:43:09.577834,mediatek.com,[],[],[],[],False,False,False
2024-09-05T15:43:09.577834,duolingo.com,[],[],[],[],False,False,False
2024-09-05T15:43:09.577834,xvideos.com,[],[],[],[],False,False,False
2024-09-05T15:43:09.577834,dnspod.net,[],[],[],[],False,False,False
2024-09-05T15:43:09.577834,akam.net,[],[],[],[],False,False,False
2024-09-05T15:43:09.577834,disqus.com,[],[],[],[],False,False,False
2024-09-05T15:43:09.577834,vkuser.net,[],[],[],[],False,False,False
2024-09-05T15:43:09.577834,ups.com,[],[],[],[],False,False,False
2024-09-05T15:43:09.577834,upwitheaway.info,[],[],[],[],False,False,False
2024-09-05T15:43:09.577834,worldnic.com,[],[],[],[],False,False,False
2024-09-05T15:43:09.577834,dns.com,[],[],[],[],False,False,False
2024-09-05T15:43:09.577834,goskope.com,[],[],[],[],False,False,False
2024-09-05T15:43:09.577834,ovscdns.com,[],[],[],[],False,False,False
2024-09-05T15:43:09.577834,huawei.com,[],[],[],[],False,False,False
2024-09-05T15:43:09.577834,calendly.com,[],[],[],[],False,False,False
2024-09-05T15:43:09.577834,google.ca,[],[],[],[],False,False,False
2024-09-05T15:43:09.577834,360yield.com,[],[],[],[],False,False,False
2024-09-05T15:43:09.577834,rackspace.net,[],[],[],[],False,False,False
2024-09-05T15:43:09.577834,dotomi.com,[],[],[],[],False,False,False
2024-09-05T15:43:09.577834,msidentity.com,[],[],[],[],False,False,False
2024-09-05T15:43:09.577834,nypost.com,[],[],[],[],False,False,False
2024-09-05T15:43:09.577834,azure-dns.com,[],[],[],[],False,False,False
2024-09-05T15:43:09.577834,mozgcp.net,[],[],[],[],False,False,False
2024-09-05T15:43:09.577834,hotjar.com,[],[],[],[],False,False,False
2024-09-05T15:43:09.577834,intel.com,[],[],[],[],False,False,False
2024-09-05T15:43:09.577834,mailchimp.com,[],[],[],[],False,False,False
2024-09-05T15:43:09.577834,sentinelone.net,[],[],[],[],False,False,False
2024-09-05T15:43:09.577834,virtualearth.net,[],[],[],[],False,False,False
2024-09-05T15:43:09.577834,tds.net,[],[],[],[],False,False,False
2024-09-05T15:43:09.577834,google.fr,[],[],[],[],False,False,False
2024-09-05T15:43:09.577834,phicdn.net,[],[],[],[],False,False,False
2024-09-05T15:43:09.577834,ca.gov,[],[],[],[],False,False,False
2024-09-05T15:43:09.577834,imgur.com,[],[],[],[],False,False,False
2024-09-05T15:43:09.577834,deviantart.com,[],[],[],[],False,False,False
2024-09-05T15:43:09.577834,mysql.com,[],[],[],[],False,False,False
2024-09-05T15:43:09.577834,buzzfeed.com,[],[],[],[],False,False,False
2024-09-05T15:43:09.577834,cdnbuild.net,[],[],[],[],False,False,False
2024-09-05T15:43:09.577834,aboutads.info,[],[],[],[],False,False,False
2024-09-05T15:43:09.577834,safebrowsing.apple,[],[],[],[],False,False,False
2024-09-05T15:43:09.577834,fb.com,[],[],[],[],False,False,False
2024-09-05T15:43:09.577834,att.net,[],[],[],[],False,False,False
2024-09-05T15:43:09.577834,paloaltonetworks.com,[],[],[],[],False,False,False
2024-09-05T15:43:09.577834,namebrightdns.com,[],[],[],[],False,False,False
2024-09-05T15:43:09.577834,visualstudio.com,[],[],[],[],False,False,False
2024-09-05T15:43:09.577834,trustpilot.com,[],[],[],[],False,False,False
2024-09-05T15:43:09.577834,amazontrust.com,[],[],[],[],False,False,False
2024-09-05T15:43:09.577834,yahoodns.net,[],[],[],[],False,False,False
2024-09-05T15:43:09.577834,loc.gov,[],[],[],[],False,False,False
2024-09-05T15:43:09.577834,cbsnews.com,[],[],[],[],False,False,False
2024-09-05T15:43:09.577834,icloud-content.com,[],[],[],[],False,False,False
2024-09-05T15:43:09.577834,netease.com,[],[],[],[],False,False,False
2024-09-05T15:43:09.577834,imgsmail.ru,[],[],[],[],False,False,False
2024-09-05T15:43:09.577834,sapo.pt,[],[],[],[],False,False,False
2024-09-05T15:43:09.577834,uol.com.br,[],[],[],[],False,False,False
2024-09-05T15:43:09.577834,oup.com,[],[],[],[],False,False,False
2024-09-05T15:43:09.577834,blueapron.com,[],[],[],[],False,False,False
2024-09-05T15:43:09.577834,steamcommunity.com,[],[],[],[],False,False,False
2024-09-05T15:43:09.577834,ipv4only.arpa,[],[],[],[],False,False,False
2024-09-05T15:43:09.577834,vkontakte.ru,[],[],[],[],False,False,False
2024-09-05T15:43:09.577834,line.me,[],[],[],[],False,False,False
2024-09-05T15:43:09.577834,braze.com,[],[],[],[],False,False,False
2024-09-05T15:43:09.577834,patreon.com,[],[],[],[],False,False,False
2024-09-05T15:43:09.577834,freepik.com,[],[],[],[],False,False,False
2024-09-05T15:43:09.577834,sina.com.cn,[],[],[],[],False,False,False
2024-09-05T15:43:09.577834,deepintent.com,[],[],[],[],False,False,False
2024-09-05T15:43:09.577834,berkeley.edu,[],[],[],[],False,False,False
2024-09-05T15:43:09.577834,google.co.jp,[],[],[],[],False,False,False
2024-09-05T15:43:09.577834,onetrust.com,[],[],[],[],False,False,False
2024-09-05T15:43:09.577834,ietf.org,[],[],[],[],False,False,False
2024-09-05T15:43:09.577834,marriott.com,[],[],[],[],False,False,False
2024-09-05T15:43:09.577834,playstation.com,[],[],[],[],False,False,False
2024-09-05T15:43:09.577834,jquery.com,[],[],[],[],False,False,False
2024-09-05T15:43:09.577834,tandfonline.com,[],[],[],[],False,False,False
2024-09-05T15:43:09.577834,netflix.net,[],[],[],[],False,False,False
2024-09-05T15:43:09.577834,tencent-cloud.net,[],[],[],[],False,False,False
2024-09-05T15:43:09.577834,cornell.edu,[],[],[],[],False,False,False
2024-09-05T15:43:09.577834,name.com,[],[],[],[],False,False,False
2024-09-05T15:43:09.577834,mega.co.nz,[],[],[],[],False,False,False
2024-09-05T15:43:09.577834,conviva.com,[],[],[],[],False,False,False
2024-09-05T15:43:09.577834,rakuten.co.jp,[],[],[],[],False,False,False
2024-09-05T15:43:09.577834,163.com,[],[],[],[],False,False,False
2024-09-05T15:43:09.577834,newsweek.com,[],[],[],[],False,False,False
2024-09-05T15:43:09.577834,licdn.com,[],[],[],[],False,False,False
2024-09-05T15:43:09.577834,yandex.com,[],[],[],[],False,False,False
2024-09-05T15:43:09.577834,techcrunch.com,[],[],[],[],False,False,False
2024-09-05T15:43:09.577834,bdydns.com,[],[],[],[],False,False,False
2024-09-05T15:43:09.577834,amazon.co.jp,[],[],[],[],False,False,False
2024-09-05T15:43:09.577834,omnitagjs.com,[],[],[],[],False,False,False
2024-09-05T15:43:09.577834,noaa.gov,[],[],[],[],False,False,False
2024-09-05T15:43:09.577834,expedia.com,[],[],[],[],False,False,False
2024-09-05T15:43:09.577834,shutterstock.com,[],[],[],[],False,False,False
2024-09-05T15:43:09.577834,nike.com,[],[],[],[],False,False,False
2024-09-05T15:43:09.577834,theverge.com,[],[],[],[],False,False,False
2024-09-05T15:43:09.577834,yelp.com,[],[],[],[],False,False,False
2024-09-05T15:43:09.577834,grammarly.io,[],[],[],[],False,False,False
2024-09-05T15:43:09.577834,yieldmo.com,[],[],[],[],False,False,False
2024-09-05T15:43:09.577834,nelreports.net,[],[],[],[],False,False,False
2024-09-05T15:43:09.577834,myspace.com,[],[],[],[],False,False,False
2024-09-05T15:43:09.577834,qualtrics.com,[],[],[],[],False,False,False
2024-09-05T15:43:09.577834,free.fr,[],[],[],[],False,False,False
2024-09-05T15:43:09.577834,bigo.sg,[],[],[],[],False,False,False
2024-09-05T15:43:09.577834,cookielaw.org,[],[],[],[],False,False,False
2024-09-05T15:43:09.577834,wal-mart.com,[],[],[],[],False,False,False
2024-09-05T15:43:09.577834,apnews.com,[],[],[],[],False,False,False
2024-09-05T15:43:09.577834,ovscdns.net,[],[],[],[],False,False,False
2024-09-05T15:43:09.577834,atlassian.com,[],[],[],[],False,False,False
2024-09-05T15:43:09.577834,webmd.com,[],[],[],[],False,False,False
2024-09-05T15:43:09.577834,wattpad.com,[],[],[],[],False,False,False
2024-09-05T15:43:09.577834,latimes.com,[],[],[],[],False,False,False
2024-09-05T15:43:09.577834,livejournal.com,[],[],[],[],False,False,False
2024-09-05T15:43:09.577834,ezvizlife.com,[],[],[],[],False,False,False
2024-09-05T15:43:09.577834,ikea.com,[],[],[],[],False,False,False
2024-09-05T15:43:09.577834,myqcloud.com,[],[],[],[],False,False,False
2024-09-05T15:43:09.577834,vivoglobal.com,[],[],[],[],False,False,False
2024-09-05T15:43:09.577834,britannica.com,[],[],[],[],False,False,False
2024-09-05T15:43:09.577834,google.es,[],[],[],[],False,False,False
2024-09-05T15:43:09.577834,amplitude.com,[],[],[],[],False,False,False
2024-09-05T15:43:09.577834,agkn.com,[],[],[],[],False,False,False
2024-09-05T15:43:09.577834,google.co.in,[],[],[],[],False,False,False
2024-09-05T15:43:09.577834,klaviyo.com,[],[],[],[],False,False,False
2024-09-05T15:43:09.577834,newrelic.com,[],[],[],[],False,False,False
2024-09-05T15:43:09.577834,docker.com,[],[],[],[],False,False,False
2024-09-05T15:43:09.577834,moatads.com,[],[],[],[],False,False,False
2024-09-05T15:43:09.577834,smaato.net,[],[],[],[],False,False,False
2024-09-05T15:43:09.577834,optimizely.com,[],[],[],[],False,False,False
2024-09-05T15:43:09.577834,google.it,[],[],[],[],False,False,False
2024-09-05T15:43:09.577834,crwdcntrl.net,[],[],[],[],False,False,False
2024-09-05T15:43:09.577834,tapad.com,[],[],[],[],False,False,False
2024-09-05T15:43:09.577834,live.net,[],[],[],[],False,False,False
2024-09-05T15:43:09.577834,pandora.com,[],[],[],[],False,False,False
2024-09-05T15:43:09.577834,rt.ru,[],[],[],[],False,False,False
2024-09-05T15:43:09.577834,okta.com,[],[],[],[],False,False,False
2024-09-05T15:43:09.577834,ui-dns.com,[],[],[],[],False,False,False
2024-09-05T15:43:09.577834,spov-msedge.net,[],[],[],[],False,False,False
2024-09-05T15:43:09.577834,prnewswire.com,[],[],[],[],False,False,False
2024-09-05T15:43:09.577834,adobedtm.com,[],[],[],[],False,False,False
2024-09-05T15:43:09.577834,fontawesome.com,[],[],[],[],False,False,False
2024-09-05T15:43:09.577834,cookiedatabase.org,[],[],[],[],False,False,False
2024-09-05T15:43:09.577834,contentsquare.net,[],[],[],[],False,False,False
2024-09-05T15:43:09.577834,timeweb.ru,[],[],[],[],False,False,False
2024-09-05T15:43:09.577834,360.cn,[],[],[],[],False,False,False
2024-09-05T15:43:09.577834,byteglb.com,[],[],[],[],False,False,False
2024-09-05T15:43:09.577834,elpais.com,[],[],[],[],False,False,False
2024-09-05T15:43:09.577834,w3schools.com,[],[],[],[],False,False,False
2024-09-05T15:43:09.577834,fandom.com,[],[],[],[],False,False,False
2024-09-05T15:43:09.577834,typekit.net,[],[],[],[],False,False,False
2024-09-05T15:43:09.577834,go-mpulse.net,[],[],[],[],False,False,False
2024-09-05T15:43:09.577834,sagepub.com,[],[],[],[],False,False,False
2024-09-05T15:43:09.577834,nbcnews.com,[],[],[],[],False,False,False
2024-09-05T15:43:09.577834,usgovcloudapi.net,[],[],[],[],False,False,False
2024-09-05T15:43:09.577834,omni.ru,[],[],[],[],False,False,False
2024-09-05T15:43:09.577834,hugedomains.com,[],[],[],[],False,False,False
2024-09-05T15:43:09.577834,kwimgs.com,[],[],[],[],False,False,False
2024-09-05T15:43:09.577834,svc.ms,[],[],[],[],False,False,False
2024-09-05T15:43:09.577834,easebar.com,[],[],[],[],False,False,False
2024-09-05T15:43:09.577834,rackspace.com,[],[],[],[],False,False,False
2024-09-05T15:43:09.577834,dbankcloud.com,[],[],[],[],False,False,False
2024-09-05T15:43:09.577834,amazon.fr,[],[],[],[],False,False,False
2024-09-05T15:43:09.577834,bitrix24.ru,[],[],[],[],False,False,False
2024-09-05T15:43:09.577834,stackadapt.com,[],[],[],[],False,False,False
2024-09-05T15:43:09.577834,amazon.ca,[],[],[],[],False,False,False
2024-09-05T15:43:09.577834,life360.com,[],[],[],[],False,False,False
2024-09-05T15:43:09.577834,ieee.org,[],[],[],[],False,False,False
2024-09-05T15:43:09.577834,herokuapp.com,[],[],[],[],False,False,False
2024-09-05T15:43:09.577834,mlb.com,[],[],[],[],False,False,False
2024-09-05T15:43:09.577834,pinimg.com,[],[],[],[],False,False,False
2024-09-05T15:43:09.577834,imrworldwide.com,[],[],[],[],False,False,False
2024-09-05T15:43:09.577834,samsungapps.com,[],[],[],[],False,False,False
2024-09-05T15:43:09.577834,cambridge.org,[],[],[],[],False,False,False
2024-09-05T15:43:09.577834,galleryvalery.com,[],[],[],[],False,False,False
2024-09-05T15:43:09.577834,nflxvideo.net,[],[],[],[],False,False,False
2024-09-05T15:43:09.577834,usda.gov,[],[],[],[],False,False,False
2024-09-05T15:43:09.577834,jotform.com,[],[],[],[],False,False,False
2024-09-05T15:43:09.577834,awsglobalaccelerator.com,[],[],[],[],False,False,False
2024-09-05T15:43:09.577834,e-msedge.net,[],[],[],[],False,False,False
2024-09-05T15:43:09.577834,igamecj.com,[],[],[],[],False,False,False
2024-09-05T15:43:09.577834,mediafire.com,[],[],[],[],False,False,False
2024-09-05T15:43:09.577834,allaboutcookies.org,[],[],[],[],False,False,False
2024-09-05T15:43:09.577834,addthis.com,[],[],[],[],False,False,False
2024-09-05T15:43:09.577834,hbr.org,[],[],[],[],False,False,False
2024-09-05T15:43:09.577834,investopedia.com,[],[],[],[],False,False,False
2024-09-05T15:43:09.577834,intercom.io,[],[],[],[],False,False,False
2024-09-05T15:43:09.577834,bluehost.com,[],[],[],[],False,False,False
2024-09-05T15:43:09.577834,coinmarketcap.com,[],[],[],[],False,False,False
2024-09-05T15:43:09.577834,washington.edu,[],[],[],[],False,False,False
2024-09-05T15:43:09.577834,erome.com,[],[],[],[],False,False,False
2024-09-05T15:43:09.577834,udemy.com,[],[],[],[],False,False,False
2024-09-05T15:43:09.577834,bidr.io,[],[],[],[],False,False,False
2024-09-05T15:43:09.577834,fda.gov,[],[],[],[],False,False,False
2024-09-05T15:43:09.577834,ks-cdn.com,[],[],[],[],False,False,False
2024-09-05T15:43:09.577834,networkadvertising.org,[],[],[],[],False,False,False
2024-09-05T15:43:09.577834,service.gov.uk,[],[],[],[],False,False,False
2024-09-05T15:43:09.577834,bamgrid.com,[],[],[],[],False,False,False
2024-09-05T15:43:09.577834,contextweb.com,[],[],[],[],False,False,False
2024-09-05T15:43:09.577834,gumgum.com,[],[],[],[],False,False,False
2024-09-05T15:43:09.577834,telekom.de,[],[],[],[],False,False,False
2024-09-05T15:43:09.577834,dreamhost.com,[],[],[],[],False,False,False
2024-09-05T15:43:09.577834,shein.com,[],[],[],[],False,False,False
2024-09-05T15:43:09.577834,33across.com,[],[],[],[],False,False,False
2024-09-05T15:43:09.577834,samsungacr.com,[],[],[],[],False,False,False
2024-09-05T15:43:09.577834,everesttech.net,[],[],[],[],False,False,False
2024-09-05T15:43:09.577834,footprintdns.com,[],[],[],[],False,False,False
2024-09-05T15:43:09.577834,unesco.org,[],[],[],[],False,False,False
2024-09-05T15:43:09.577834,box.com,[],[],[],[],False,False,False
2024-09-05T15:43:09.577834,brave.com,[],[],[],[],False,False,False
2024-09-05T15:43:09.577834,steamstatic.com,[],[],[],[],False,False,False
2024-09-05T15:43:09.577834,dns-shop.ru,[],[],[],[],False,False,False
2024-09-05T15:43:09.577834,cdnhwc1.com,[],[],[],[],False,False,False
2024-09-05T15:43:09.577834,appspot.com,[],[],[],[],False,False,False
2024-09-05T15:43:09.577834,incapdns.net,[],[],[],[],False,False,False
2024-09-05T15:43:09.577834,1rx.io,[],[],[],[],False,False,False
2024-09-05T15:43:09.577834,fedex.com,[],[],[],[],False,False,False
2024-09-05T15:43:09.577834,spaceweb.pro,[],[],[],[],False,False,False
2024-09-05T15:43:09.577834,theatlantic.com,[],[],[],[],False,False,False
2024-09-05T15:43:09.577834,lemonde.fr,[],[],[],[],False,False,False
2024-09-05T15:43:09.577834,kaspi.kz,[],[],[],[],False,False,False
2024-09-05T15:43:09.577834,impervadns.net,[],[],[],[],False,False,False
2024-09-05T15:43:09.577834,360safe.com,[],[],[],[],False,False,False
2024-09-05T15:43:09.577834,huffingtonpost.com,[],[],[],[],False,False,False
2024-09-05T15:43:09.577834,samsungosp.com,[],[],[],[],False,False,False
2024-09-05T15:43:09.577834,bestbuy.com,[],[],[],[],False,False,False
2024-09-05T15:43:09.577834,gcdn.co,[],[],[],[],False,False,False
2024-09-05T15:43:09.577834,youku.com,[],[],[],[],False,False,False
2024-09-05T15:43:09.577834,zemanta.com,[],[],[],[],False,False,False
2024-09-05T15:43:09.577834,beeline.ru,[],[],[],[],False,False,False
2024-09-05T15:43:09.577834,amazon.in,[],[],[],[],False,False,False
2024-09-05T15:43:09.577834,org.plus,[],[],[],[],False,False,False
2024-09-05T15:43:09.577834,rncdn7.com,[],[],[],[],False,False,False
2024-09-05T15:43:09.577834,aws.dev,[],[],[],[],False,False,False
2024-09-05T15:43:09.577834,nationalgeographic.com,[],[],[],[],False,False,False
2024-09-05T15:43:09.577834,anydesk.com,[],[],[],[],False,False,False
2024-09-05T15:43:09.577834,xiaomi.net,[],[],[],[],False,False,False
2024-09-05T15:43:09.577834,cdnvideo.ru,[],[],[],[],False,False,False
2024-09-05T15:43:09.577834,warnerbros.com,[],[],[],[],False,False,False
2024-09-05T15:43:09.577834,people.com,[],[],[],[],False,False,False
2024-09-05T15:43:09.577834,shopee.co.id,[],[],[],[],False,False,False
2024-09-05T15:43:09.577834,herokudns.com,[],[],[],[],False,False,False
2024-09-05T15:43:09.577834,nikkei.com,[],[],[],[],False,False,False
2024-09-05T15:43:09.577834,rapid7.com,[],[],[],[],False,False,False
2024-09-05T15:43:09.577834,bluekai.com,[],[],[],[],False,False,False
2024-09-05T15:43:09.577834,oraclecloud.com,[],[],[],[],False,False,False
2024-09-05T15:43:09.577834,sberbank.ru,[],[],[],[],False,False,False
2024-09-05T15:43:09.577834,squarespacedns.com,[],[],[],[],False,False,False
2024-09-05T15:43:09.577834,maricopa.gov,[],[],[],[],False,False,False
2024-09-05T15:43:09.577834,fiverr.com,[],[],[],[],False,False,False
2024-09-05T15:43:09.577834,zillow.com,[],[],[],[],False,False,False
2024-09-05T15:43:09.577834,datadoghq.com,[],[],[],[],False,False,False
2024-09-05T15:43:09.577834,googlezip.net,[],[],[],[],False,False,False
2024-09-05T15:43:09.577834,mailchi.mp,[],[],[],[],False,False,False
2024-09-05T15:43:09.577834,bandcamp.com,[],[],[],[],False,False,False
2024-09-05T15:43:09.577834,rbc.ru,[],[],[],[],False,False,False
2024-09-05T15:43:09.577834,usps.com,[],[],[],[],False,False,False
2024-09-05T15:43:09.577834,1drv.com,[],[],[],[],False,False,False
2024-09-05T15:43:09.577834,express.co.uk,[],[],[],[],False,False,False
2024-09-05T15:43:09.577834,riotgames.com,[],[],[],[],False,False,False
2024-09-05T15:43:09.577834,pendo.io,[],[],[],[],False,False,False
2024-09-05T15:43:09.577834,themeforest.net,[],[],[],[],False,False,False
2024-09-05T15:43:09.577834,mixpanel.com,[],[],[],[],False,False,False
2024-09-05T15:43:09.577834,cloudflareclient.com,[],[],[],[],False,False,False
2024-09-05T15:43:09.577834,viber.com,[],[],[],[],False,False,False
2024-09-05T15:43:09.577834,cdnhwc2.com,[],[],[],[],False,False,False
2024-09-05T15:43:09.577834,wb.ru,[],[],[],[],False,False,False
2024-09-05T15:43:09.577834,avito.ru,[],[],[],[],False,False,False
2024-09-05T15:43:09.577834,dbankcloud.cn,[],[],[],[],False,False,False
2024-09-05T15:43:09.577834,webrootcloudav.com,[],[],[],[],False,False,False
2024-09-05T15:43:09.577834,olympics.com,[],[],[],[],False,False,False
2024-09-05T15:43:09.577834,prmsrvs.com,[],[],[],[],False,False,False
2024-09-05T15:43:09.577834,target.com,[],[],[],[],False,False,False
2024-09-05T15:43:09.577834,wyzecam.com,[],[],[],[],False,False,False
2024-09-05T15:43:09.577834,fast.com,[],[],[],[],False,False,False
2024-09-05T15:43:09.577834,pvp.net,[],[],[],[],False,False,False
2024-09-05T15:43:09.577834,miwifi.com,[],[],[],[],False,False,False
2024-09-05T15:43:09.577834,a-mo.net,[],[],[],[],False,False,False
2024-09-05T15:43:09.577834,kargo.com,[],[],[],[],False,False,False
2024-09-05T15:43:09.577834,tremorhub.com,[],[],[],[],False,False,False
2024-09-05T15:43:09.577834,google.cn,[],[],[],[],False,False,False
2024-09-05T15:43:09.577834,turn.com,[],[],[],[],False,False,False
2024-09-05T15:43:09.577834,crpt.ru,[],[],[],[],False,False,False
2024-09-05T15:43:09.577834,fiberhub.net,[],[],[],[],False,False,False
2024-09-05T15:43:09.577834,chartboost.com,[],[],[],[],False,False,False
2024-09-05T15:43:09.577834,homedepot.com,[],[],[],[],False,False,False
2024-09-05T15:43:09.577834,w55c.net,[],[],[],[],False,False,False
2024-09-05T15:43:09.577834,plesk.com,[],[],[],[],False,False,False
2024-09-05T15:43:09.577834,gandi-ns.fr,[],[],[],[],False,False,False
2024-09-05T15:43:09.577834,cqloud.com,[],[],[],[],False,False,False
2024-09-05T15:43:09.577834,globalsign.com,[],[],[],[],False,False,False
2024-09-05T15:43:09.577834,news.com.au,[],[],[],[],False,False,False
2024-09-05T15:43:09.577834,sitescout.com,[],[],[],[],False,False,False
2024-09-05T15:43:09.577834,azure-devices.net,[],[],[],[],False,False,False
2024-09-05T15:43:09.577834,onlyfans.com,[],[],[],[],False,False,False
2024-09-05T15:43:09.577834,browser-intake-datadoghq.com,[],[],[],[],False,False,False
2024-09-05T15:43:09.577834,princeton.edu,[],[],[],[],False,False,False
2024-09-05T15:43:09.577834,zoho.com,[],[],[],[],False,False,False
2024-09-05T15:43:09.577834,adtrafficquality.google,[],[],[],[],False,False,False
2024-09-05T15:43:09.577834,upwork.com,[],[],[],[],False,False,False
2024-09-05T15:43:09.577834,liftoff.io,[],[],[],[],False,False,False
2024-09-05T15:43:09.577834,airbnb.com,[],[],[],[],False,False,False
2024-09-05T15:43:09.577834,google.pl,[],[],[],[],False,False,False
2024-09-05T15:43:09.577834,heytapmobile.com,[],[],[],[],False,False,False
2024-09-05T15:43:09.577834,mgts.ru,[],[],[],[],False,False,False
2024-09-05T15:43:09.577834,quickconnect.to,[],[],[],[],False,False,False
2024-09-05T15:43:09.577834,change.org,[],[],[],[],False,False,False
2024-09-05T15:43:09.577834,bitdefender.com,[],[],[],[],False,False,False
2024-09-05T15:43:09.577834,xnxx.com,[],[],[],[],False,False,False
2024-09-05T15:43:09.577834,markmonitor.com,[],[],[],[],False,False,False
2024-09-05T15:43:09.577834,gitlab.com,[],[],[],[],False,False,False
2024-09-05T15:43:09.577834,isappcloud.com,[],[],[],[],False,False,False
2024-09-05T15:43:09.577834,huffpost.com,[],[],[],[],False,False,False
2024-09-05T15:43:09.577834,comcast.com,[],[],[],[],False,False,False
2024-09-05T15:43:09.577834,heylink.me,[],[],[],[],False,False,False
2024-09-05T15:43:09.577834,epa.gov,[],[],[],[],False,False,False
2024-09-05T15:43:09.577834,ssl-images-amazon.com,[],[],[],[],False,False,False
2024-09-05T15:43:09.577834,mgid.com,[],[],[],[],False,False,False
2024-09-05T15:43:09.577834,kickstarter.com,[],[],[],[],False,False,False
2024-09-05T15:43:09.577834,cloudns.net,[],[],[],[],False,False,False
2024-09-05T15:43:09.577834,stickyadstv.com,[],[],[],[],False,False,False
2024-09-05T15:43:09.577834,iso.org,[],[],[],[],False,False,False
2024-09-05T15:43:09.577834,discordapp.com,[],[],[],[],False,False,False
2024-09-05T15:43:09.577834,alidns.com,[],[],[],[],False,False,False
2024-09-05T15:43:09.577834,ya.ru,[],[],[],[],False,False,False
2024-09-05T15:43:09.577834,binance.com,[],[],[],[],False,False,False
2024-09-05T15:43:09.577834,teads.tv,[],[],[],[],False,False,False
2024-09-05T15:43:09.577834,ipredictive.com,[],[],[],[],False,False,False
2024-09-05T15:43:09.577834,pornhub.com,[],[],[],[],False,False,False
2024-09-05T15:43:09.577834,redhat.com,[],[],[],[],False,False,False
2024-09-05T15:43:09.577834,bugsnag.com,[],[],[],[],False,False,False
2024-09-05T15:43:09.577834,ebay.co.uk,[],[],[],[],False,False,False
2024-09-05T15:43:09.577834,pbs.org,[],[],[],[],False,False,False
2024-09-05T15:43:09.577834,welt.de,[],[],[],[],False,False,False
2024-09-05T15:43:09.577834,lefigaro.fr,[],[],[],[],False,False,False
2024-09-05T15:43:09.577834,hostgator.com.br,[],[],[],[],False,False,False
2024-09-05T15:43:09.577834,shopee.com.br,[],[],[],[],False,False,False
2024-09-05T15:43:09.577834,protek.ru,[],[],[],[],False,False,False
2024-09-05T15:43:09.577834,abusix.zone,[],[],[],[],False,False,False
2024-09-05T15:43:09.577834,worldbank.org,[],[],[],[],False,False,False
2024-09-05T15:43:09.577834,whitehouse.gov,[],[],[],[],False,False,False
2024-09-05T15:43:09.577834,githubusercontent.com,[],[],[],[],False,False,False
2024-09-05T15:43:09.577834,pubmnet.com,[],[],[],[],False,False,False
2024-09-05T15:43:09.577834,fbsbx.com,[],[],[],[],False,False,False
2024-09-05T15:43:09.577834,cloudflareinsights.com,[],[],[],[],False,False,False
2024-09-05T15:43:09.577834,lenovo.com,[],[],[],[],False,False,False
2024-09-05T15:43:09.577834,bild.de,[],[],[],[],False,False,False
2024-09-05T15:43:09.577834,spbycdn.com,[],[],[],[],False,False,False
2024-09-05T15:43:09.577834,academia.edu,[],[],[],[],False,False,False
2024-09-05T15:43:09.577834,infonline.de,[],[],[],[],False,False,False
2024-09-05T15:43:09.577834,google.com.mx,[],[],[],[],False,False,False
2024-09-05T15:43:09.577834,va.gov,[],[],[],[],False,False,False
2024-09-05T15:43:09.577834,bankofamerica.com,[],[],[],[],False,False,False
2024-09-05T15:43:09.577834,canonical.com,[],[],[],[],False,False,False
2024-09-05T15:43:09.577834,amazon.es,[],[],[],[],False,False,False
2024-09-05T15:43:09.577834,ameblo.jp,[],[],[],[],False,False,False
2024-09-05T15:43:09.577834,onetag-sys.com,[],[],[],[],False,False,False
2024-09-05T15:43:09.577834,bootstrapcdn.com,[],[],[],[],False,False,False
2024-09-05T15:43:09.577834,ndtv.com,[],[],[],[],False,False,False
2024-09-05T15:43:09.577834,fastly-edge.com,[],[],[],[],False,False,False
2024-09-05T15:43:09.577834,unrulymedia.com,[],[],[],[],False,False,False
2024-09-05T15:43:09.577834,connatix.com,[],[],[],[],False,False,False
2024-09-05T15:43:09.577834,seznam.cz,[],[],[],[],False,False,False
2024-09-05T15:43:09.577834,netgear.com,[],[],[],[],False,False,False
2024-09-05T15:43:09.577834,abovedomains.com,[],[],[],[],False,False,False
2024-09-05T15:43:09.577834,arcgis.com,[],[],[],[],False,False,False
2024-09-05T15:43:09.577834,google.com.tr,[],[],[],[],False,False,False
2024-09-05T15:43:09.577834,linode.com,[],[],[],[],False,False,False
2024-09-05T15:43:09.577834,nest.com,[],[],[],[],False,False,False
2024-09-05T15:43:09.577834,lgtvcommon.com,[],[],[],[],False,False,False
2024-09-05T15:43:09.577834,bytetcdn.com,[],[],[],[],False,False,False
2024-09-05T15:43:09.577834,primevideo.com,[],[],[],[],False,False,False
2024-09-05T15:43:09.577834,amazon.it,[],[],[],[],False,False,False
2024-09-05T15:43:09.577834,intentiq.com,[],[],[],[],False,False,False
2024-09-05T15:43:09.577834,ioam.de,[],[],[],[],False,False,False
2024-09-05T15:43:09.577834,allegro.pl,[],[],[],[],False,False,False
2024-09-05T15:43:09.577834,hindustantimes.com,[],[],[],[],False,False,False
2024-09-05T15:43:09.577834,state.gov,[],[],[],[],False,False,False
2024-09-05T15:43:09.577834,mozilla.net,[],[],[],[],False,False,False
2024-09-05T15:43:09.577834,scdn.co,[],[],[],[],False,False,False
2024-09-05T15:43:09.577834,daum.net,[],[],[],[],False,False,False
2024-09-05T15:43:09.577834,aniview.com,[],[],[],[],False,False,False
2024-09-05T15:43:09.577834,disneyplus.com,[],[],[],[],False,False,False
2024-09-05T15:43:09.577834,supercell.com,[],[],[],[],False,False,False
2024-09-05T15:43:09.577834,ohthree.com,[],[],[],[],False,False,False
2024-09-05T15:43:09.577834,genius.com,[],[],[],[],False,False,False
2024-09-05T15:43:09.577834,service-now.com,[],[],[],[],False,False,False
2024-09-05T15:43:09.577834,ad.gt,[],[],[],[],False,False,False
2024-09-05T15:43:09.577834,flashtalking.com,[],[],[],[],False,False,False
2024-09-05T15:43:09.577834,adjust.com,[],[],[],[],False,False,False
2024-09-05T15:43:09.577834,deloitte.com,[],[],[],[],False,False,False
2024-09-05T15:43:09.577834,yellowblue.io,[],[],[],[],False,False,False
2024-09-05T15:43:09.577834,xerox.com,[],[],[],[],False,False,False
2024-09-05T15:43:09.577834,chaturbate.com,[],[],[],[],False,False,False
2024-09-05T15:43:09.577834,statcounter.com,[],[],[],[],False,False,False
2024-09-05T15:43:09.577834,ecdns.net,[],[],[],[],False,False,False
2024-09-05T15:43:09.577834,dns.jp,[],[],[],[],False,False,False
2024-09-05T15:43:09.577834,vivo.com.cn,[],[],[],[],False,False,False
2024-09-05T15:43:09.577834,biblegateway.com,[],[],[],[],False,False,False
2024-09-05T15:43:09.577834,wp.pl,[],[],[],[],False,False,False
2024-09-05T15:43:09.577834,mckinsey.com,[],[],[],[],False,False,False
2024-09-05T15:43:09.577834,churnzero.net,[],[],[],[],False,False,False
2024-09-05T15:43:09.577834,lg.com,[],[],[],[],False,False,False
2024-09-05T15:43:09.577834,unpkg.com,[],[],[],[],False,False,False
2024-09-05T15:43:09.577834,typeform.com,[],[],[],[],False,False,False
2024-09-05T15:43:09.577834,firefox.com,[],[],[],[],False,False,False
2024-09-05T15:43:09.577834,spamhaus.org,[],[],[],[],False,False,False
2024-09-05T15:43:09.577834,attn.tv,[],[],[],[],False,False,False
2024-09-05T15:43:09.577834,arxiv.org,[],[],[],[],False,False,False
2024-09-05T15:43:09.577834,atlassian.net,[],[],[],[],False,False,False
2024-09-05T15:43:09.577834,apigee.net,[],[],[],[],False,False,False
2024-09-05T15:43:09.577834,kohls.com,[],[],[],[],False,False,False
2024-09-05T15:43:09.577834,discogs.com,[],[],[],[],False,False,False
2024-09-05T15:43:09.577834,sonobi.com,[],[],[],[],False,False,False
2024-09-05T15:43:09.577834,otto.de,[],[],[],[],False,False,False
2024-09-05T15:43:09.577834,mncdn.com,[],[],[],[],False,False,False
2024-09-05T15:43:09.577834,realtor.com,[],[],[],[],False,False,False
2024-09-05T15:43:09.577834,economist.com,[],[],[],[],False,False,False
2024-09-05T15:43:09.577834,xbox.com,[],[],[],[],False,False,False
2024-09-05T15:43:09.577834,tokopedia.com,[],[],[],[],False,False,False
2024-09-05T15:43:09.577834,chartbeat.net,[],[],[],[],False,False,False
2024-09-05T15:43:09.577834,mirtesen.ru,[],[],[],[],False,False,False
2024-09-05T15:43:09.577834,firebaseio.com,[],[],[],[],False,False,False
2024-09-05T15:43:09.577834,lowes.com,[],[],[],[],False,False,False
2024-09-05T15:43:09.577834,mdpi.com,[],[],[],[],False,False,False
2024-09-05T15:43:09.577834,columbia.edu,[],[],[],[],False,False,False
2024-09-05T15:43:09.577834,repubblica.it,[],[],[],[],False,False,False
2024-09-05T15:43:09.577834,msecnd.net,[],[],[],[],False,False,False
2024-09-05T15:43:09.577834,mob.com,[],[],[],[],False,False,False
2024-09-05T15:43:09.577834,amazon.com.br,[],[],[],[],False,False,False
2024-09-05T15:43:09.577834,usnews.com,[],[],[],[],False,False,False
2024-09-05T15:43:09.577834,hm.com,[],[],[],[],False,False,False
2024-09-05T15:43:09.577834,awswaf.com,[],[],[],[],False,False,False
2024-09-05T15:43:09.577834,dnsv1.com,[],[],[],[],False,False,False
2024-09-05T15:43:09.577834,business.site,[],[],[],[],False,False,False
2024-09-05T15:43:09.577834,smartthings.com,[],[],[],[],False,False,False
2024-09-05T15:43:09.577834,btloader.com,[],[],[],[],False,False,False
2024-09-05T15:43:09.577834,alphonso.tv,[],[],[],[],False,False,False
2024-09-05T15:43:09.577834,me.com,[],[],[],[],False,False,False
2024-09-05T15:43:09.577834,adobedc.net,[],[],[],[],False,False,False
2024-09-05T15:43:09.577834,exelator.com,[],[],[],[],False,False,False
2024-09-05T15:43:09.577834,fb.me,[],[],[],[],False,False,False
2024-09-05T15:43:09.577834,rspamd.com,[],[],[],[],False,False,False
2024-09-05T15:43:09.577834,jimdo.com,[],[],[],[],False,False,False
2024-09-05T15:43:09.577834,substack.com,[],[],[],[],False,False,False
2024-09-05T15:43:09.577834,pikabu.ru,[],[],[],[],False,False,False
2024-09-05T15:43:09.577834,character.ai,[],[],[],[],False,False,False
2024-09-05T15:43:09.577834,moe.video,[],[],[],[],False,False,False
2024-09-05T15:43:09.577834,adnxs.net,[],[],[],[],False,False,False
2024-09-05T15:43:09.577834,adgrx.com,[],[],[],[],False,False,False
2024-09-05T15:43:09.577834,samsungcloudsolution.net,[],[],[],[],False,False,False
2024-09-05T15:43:09.577834,utorrent.com,[],[],[],[],False,False,False
2024-09-05T15:43:09.577834,onet.pl,[],[],[],[],False,False,False
2024-09-05T15:43:09.577834,corriere.it,[],[],[],[],False,False,False
2024-09-05T15:43:09.577834,immedia-semi.com,[],[],[],[],False,False,False
2024-09-05T15:43:09.577834,dan.com,[],[],[],[],False,False,False
2024-09-05T15:43:09.577834,redfin.com,[],[],[],[],False,False,False
2024-09-05T15:43:09.577834,apple.news,[],[],[],[],False,False,False
2024-09-05T15:43:09.577834,umich.edu,[],[],[],[],False,False,False
2024-09-05T15:43:09.577834,elmundo.es,[],[],[],[],False,False,False
2024-09-05T15:43:09.577834,redd.it,[],[],[],[],False,False,False
2024-09-05T15:43:09.577834,2gis.com,[],[],[],[],False,False,False
2024-09-05T15:43:09.577834,innovid.com,[],[],[],[],False,False,False
2024-09-05T15:43:09.577834,ancestry.com,[],[],[],[],False,False,False
2024-09-05T15:43:09.577834,spotifycdn.com,[],[],[],[],False,False,False
2024-09-05T15:43:09.577834,mercadolibre.com.ar,[],[],[],[],False,False,False
2024-09-05T15:43:09.577834,aiv-delivery.net,[],[],[],[],False,False,False
2024-09-05T15:43:09.577834,tbcache.com,[],[],[],[],False,False,False
2024-09-05T15:43:09.577834,hilton.com,[],[],[],[],False,False,False
2024-09-05T15:43:09.577834,skroutz.gr,[],[],[],[],False,False,False
2024-09-05T15:43:09.577834,adroll.com,[],[],[],[],False,False,False
2024-09-05T15:43:09.577834,mercadolivre.com.br,[],[],[],[],False,False,False
2024-09-05T15:43:09.577834,gihc.net,[],[],[],[],False,False,False
2024-09-05T15:43:09.577834,tinkoff.ru,[],[],[],[],False,False,False
2024-09-05T15:43:09.577834,cbc.ca,[],[],[],[],False,False,False
2024-09-05T15:43:09.577834,ubnt.com,[],[],[],[],False,False,False
2024-09-05T15:43:09.577834,studocu.com,[],[],[],[],False,False,False
2024-09-05T15:43:09.577834,umeng.com,[],[],[],[],False,False,False
2024-09-05T15:43:09.577834,ip-api.com,[],[],[],[],False,False,False
2024-09-05T15:43:09.577834,vmware.com,[],[],[],[],False,False,False
2024-09-05T15:43:09.577834,chess.com,[],[],[],[],False,False,False
2024-09-05T15:43:09.577834,qwest.net,[],[],[],[],False,False,False
2024-09-05T15:43:09.577834,dribbble.com,[],[],[],[],False,False,False
2024-09-05T15:43:09.577834,sharethis.com,[],[],[],[],False,False,False
2024-09-05T15:43:09.577834,nintendo.net,[],[],[],[],False,False,False
2024-09-05T15:43:09.577834,ryanair.com,[],[],[],[],False,False,False
2024-09-05T15:43:09.577834,weforum.org,[],[],[],[],False,False,False
2024-09-05T15:43:09.577834,supersonicads.com,[],[],[],[],False,False,False
2024-09-05T15:43:09.577834,ttoverseaus.net,[],[],[],[],False,False,False
2024-09-05T15:43:09.577834,youronlinechoices.com,[],[],[],[],False,False,False
2024-09-05T15:43:09.577834,wikihow.com,[],[],[],[],False,False,False
2024-09-05T15:43:09.577834,theconversation.com,[],[],[],[],False,False,False
2024-09-05T15:43:09.577834,ebay.de,[],[],[],[],False,False,False
2024-09-05T15:43:09.577834,openstreetmap.org,[],[],[],[],False,False,False
2024-09-05T15:43:09.577834,pexels.com,[],[],[],[],False,False,False
2024-09-05T15:43:09.577834,quizlet.com,[],[],[],[],False,False,False
2024-09-05T15:43:09.577834,creditkarma.com,[],[],[],[],False,False,False
2024-09-05T15:43:09.577834,businesswire.com,[],[],[],[],False,False,False
2024-09-05T15:43:09.577834,hotmail.com,[],[],[],[],False,False,False
2024-09-05T15:43:09.577834,mobile.de,[],[],[],[],False,False,False
2024-09-05T15:43:09.577834,agoda.com,[],[],[],[],False,False,False
2024-09-05T15:43:09.577834,eporner.com,[],[],[],[],False,False,False
2024-09-05T15:43:09.577834,withgoogle.com,[],[],[],[],False,False,False
2024-09-05T15:43:09.577834,onesignal.com,[],[],[],[],False,False,False
2024-09-05T15:43:09.577834,pixiv.net,[],[],[],[],False,False,False
2024-09-05T15:43:09.577834,trellix.com,[],[],[],[],False,False,False
2024-09-05T15:43:09.577834,caixa.gov.br,[],[],[],[],False,False,False
2024-09-05T15:43:09.577834,interia.pl,[],[],[],[],False,False,False
2024-09-05T15:43:09.577834,bytefcdn.com,[],[],[],[],False,False,False
2024-09-05T15:43:09.577834,msftauth.net,[],[],[],[],False,False,False
2024-09-05T15:43:09.577834,macys.com,[],[],[],[],False,False,False
2024-09-05T15:43:09.577834,francetvinfo.fr,[],[],[],[],False,False,False
2024-09-05T15:43:09.577834,www.gov.br,[],[],[],[],False,False,False
2024-09-05T15:43:09.577834,ovh.net,[],[],[],[],False,False,False
2024-09-05T15:43:09.577834,spankbang.com,[],[],[],[],False,False,False
